tempo,t_s,temp_pacchetto_c,throttle_core,throttle_pacchetto,powerclamp,raffreddamento_cpu,alimentazione_rete,mhz_cpu1,mhz_cpu3,mhz_cpu6,mhz_cpu10
01:49:21,0.0,51.0,152504,175244,0,0,1,3401,3500,3500,3500
01:49:22,1.0,53.0,152504,175244,0,0,1,3500,3500,3500,3500
01:49:23,2.0,52.0,152504,175244,0,0,1,3500,3500,3500,3500
01:49:24,3.0,52.0,152504,175244,0,0,1,3399,3498,3500,3500
01:49:25,4.01,53.0,152504,175244,0,0,1,3500,3500,3500,3500
01:49:26,5.01,53.0,152504,175244,0,0,1,3499,3500,3500,3500
01:49:27,6.01,52.0,152504,175244,0,0,1,3499,3500,3500,3500
01:49:28,7.01,52.0,152504,175244,0,0,1,3500,3500,3400,3500
01:49:29,8.01,69.0,152504,175244,0,0,1,3500,3499,3500,3500
01:49:30,9.01,72.0,152504,175244,0,0,1,3500,3500,3500,3500
01:49:31,10.02,55.0,152504,175244,0,0,1,3499,3472,3499,3479
01:49:32,11.02,57.0,152504,175244,0,0,1,3500,3500,3500,3500
01:49:33,12.02,58.0,152504,175244,0,0,1,3500,3500,3500,3500
01:49:34,13.02,63.0,152504,175244,0,0,1,3500,3500,3499,3500
01:49:35,14.02,70.0,152504,175244,0,0,1,3499,3500,3500,3499
01:49:36,15.02,76.0,152504,175244,0,0,1,3500,3500,3500,3500
01:49:37,16.02,73.0,152504,175244,0,0,1,3500,3500,3500,3499
01:49:38,17.03,74.0,152504,175244,0,0,1,3500,3500,3499,3500
01:49:39,18.03,78.0,152504,175244,0,0,1,3499,3500,3500,3500
01:49:40,19.03,76.0,152504,175244,0,0,1,3499,3499,3499,3499
01:49:41,20.03,75.0,152504,175244,0,0,1,3499,3499,3499,3500
01:49:42,21.03,79.0,152504,175244,0,0,1,3500,3500,3500,3500
01:49:43,22.03,77.0,152504,175244,0,0,1,3500,3500,3500,3499
01:49:44,23.03,76.0,152504,175244,0,0,1,3499,3500,3499,3499
01:49:45,24.04,81.0,152504,175244,0,0,1,3500,3500,3500,3500
01:49:46,25.04,80.0,152504,175244,0,0,1,3500,3499,3499,3499
01:49:47,26.04,79.0,152504,175244,0,0,1,3500,3500,3500,3500
01:49:48,27.04,84.0,152504,175244,0,0,1,3499,3500,3500,3499
01:49:49,28.04,75.0,152504,175244,0,0,1,3500,3500,3500,3500
01:49:50,29.04,71.0,152504,175244,0,0,1,3500,3499,3500,3500
01:49:51,30.05,60.0,152504,175244,0,0,1,3500,3391,3500,3500
01:49:52,31.05,61.0,152504,175244,0,0,1,3500,3488,3500,3500
01:49:53,32.05,63.0,152504,175244,0,0,1,3500,3500,3500,3500
01:49:54,33.05,64.0,152504,175244,0,0,1,3500,3406,3500,3500
01:49:55,34.05,67.0,152504,175244,0,0,1,3499,3500,3500,3499
01:49:56,35.06,71.0,152504,175244,0,0,1,3500,3499,3500,3500
01:49:57,36.06,85.0,152504,175244,0,0,1,3500,3500,3500,3499
01:49:58,37.06,85.0,152504,175244,0,0,1,3500,3500,3500,3499
01:49:59,38.06,81.0,152504,175244,0,0,1,3500,3500,3500,3500
01:50:00,39.06,86.0,152504,175244,0,0,1,3500,3499,3500,3499
01:50:01,40.06,86.0,152504,175244,0,0,1,3499,3500,3499,3500
01:50:02,41.06,82.0,152504,175244,0,0,1,3500,3500,3499,3500
01:50:03,42.07,86.0,152504,175244,0,0,1,3500,3500,3500,3500
01:50:04,43.07,86.0,152504,175244,0,0,1,3500,3500,3500,3500
01:50:05,44.07,82.0,152504,175244,0,0,1,3499,3499,3500,3500
01:50:06,45.07,86.0,152504,175244,0,0,1,3500,3499,3499,3500
01:50:07,46.07,86.0,152504,175244,0,0,1,3499,3500,3500,3499
01:50:08,47.07,84.0,152504,175244,0,0,1,3500,3500,3499,3499
01:50:09,48.08,76.0,152504,175244,0,0,1,3500,3500,3500,3499
01:50:10,49.08,74.0,152504,175244,0,0,1,3500,3500,3500,3500
01:50:11,50.08,60.0,152504,175244,0,0,1,3500,3501,3500,3501
01:50:12,51.08,76.0,152504,175244,0,0,1,3500,3499,3500,3500
01:50:13,52.08,81.0,152504,175244,0,0,1,3500,3499,3500,3500
01:50:14,53.08,77.0,152504,175244,0,0,1,3500,3499,3500,3499
01:50:15,54.09,76.0,152504,175244,0,0,1,3500,3500,3500,3500
01:50:16,55.09,79.0,152504,175244,0,0,1,3500,3499,3499,3500
01:50:17,56.09,76.0,152504,175244,0,0,1,3500,3500,3500,3500
01:50:18,57.09,74.0,152504,175244,0,0,1,3500,3500,3500,3500
01:50:19,58.09,78.0,152504,175244,0,0,1,3500,3500,3499,3500
01:50:20,59.09,74.0,152504,175244,0,0,1,3499,3500,3500,3499
01:50:21,60.1,57.0,152504,175244,0,0,1,3500,3500,3500,3500
01:50:22,61.1,57.0,152504,175244,0,0,1,3400,3500,3499,3485
01:50:23,62.1,58.0,152504,175244,0,0,1,3500,3500,3500,3500
01:50:24,63.1,59.0,152504,175244,0,0,1,3500,3500,3500,3500
01:50:25,64.1,61.0,152504,175244,0,0,1,3499,3500,3499,3499
01:50:26,65.1,63.0,152504,175244,0,0,1,3500,3431,3500,3500
01:50:27,66.11,67.0,152504,175244,0,0,1,3500,3500,3500,3500
01:50:28,67.11,56.0,152504,175244,0,0,1,3500,3500,3500,3500
