method,variant,rep,frame,duration_s,processed,processed_pps,cost_ns,prog_ns,host_throttle_core,host_throttle_pkg,host_pkg_temp_c,host_dut_temp_c,host_dut_busy_pct,host_dut_mhz,host_smi,host_powerclamp,host_on_ac,host_off_target,host_disturbed
baseline,catena,1,64,0.3004,938239,3123064,320.2,17.51,0,0,57.0,59.0,82.6,3500,0,0,True,False,False
baseline,diretta,1,64,0.3004,953698,3174435,315.02,15.02,0,0,57.0,59.0,67.4,3498,0,0,True,False,False
p1_static,catena,1,64,0.3005,821271,2732794,365.93,59.2,0,0,57.0,58.0,67.9,3495,0,0,True,False,False
p1_static,diretta,1,64,0.3005,838942,2792040,358.16,56.17,0,0,59.0,58.0,82.6,3496,0,0,True,False,False
hardcoded,catena,1,64,0.3005,807725,2687737,372.06,69.19,0,0,58.0,58.0,68.2,3497,0,0,True,False,False
hardcoded,diretta,1,64,0.3005,818177,2723097,367.23,66.83,0,0,58.0,58.0,67.5,3499,0,0,True,False,False
template,catena,1,64,0.3003,514104,1711747,584.2,266.35,0,0,58.0,58.0,68.1,3497,0,0,True,False,False
template,diretta,1,64,0.3003,513624,1710512,584.62,264.56,0,0,59.0,58.0,81.5,3496,0,0,True,False,False
modular,catena,1,64,0.3004,396089,1318416,758.49,434.41,0,0,58.0,59.0,81.2,3496,0,0,True,False,False
modular,diretta,1,64,0.3005,396182,1318520,758.43,432.47,0,0,58.0,59.0,67.5,3500,0,0,True,False,False
baseline,diretta,2,64,0.3004,964072,3209134,311.61,15.05,0,0,58.0,57.0,67.9,3498,0,0,True,False,False
baseline,catena,2,64,0.3005,948796,3157205,316.74,17.33,0,0,57.0,57.0,68.1,3501,0,0,True,False,False
p1_static,diretta,2,64,0.3006,847615,2820089,354.6,55.61,0,0,58.0,59.0,81.3,3496,0,0,True,False,False
p1_static,catena,2,64,0.3005,824010,2742093,364.68,59.85,0,0,58.0,59.0,68.3,3496,0,0,True,False,False
hardcoded,diretta,2,64,0.3005,800877,2665253,375.2,68.23,0,0,57.0,57.0,67.9,3498,0,0,True,False,False
hardcoded,catena,2,64,0.3005,799893,2661490,375.73,70.36,0,0,58.0,57.0,82.8,3500,0,0,True,False,False
template,diretta,2,64,0.3004,522014,1737594,575.51,261.88,0,0,58.0,59.0,67.6,3499,0,0,True,False,False
template,catena,2,64,0.3005,514146,1711038,584.44,267.38,0,0,58.0,59.0,66.9,3499,0,0,True,False,False
modular,diretta,2,64,0.3004,396435,1319729,757.73,433.24,0,0,58.0,57.0,67.1,3499,0,0,True,False,False
modular,catena,2,64,0.3005,401184,1335158,748.97,428.25,0,0,58.0,57.0,81.2,3499,0,0,True,False,False
baseline,catena,3,64,0.3005,938779,3124382,320.06,18.77,0,0,58.0,58.0,68.1,3498,0,0,True,False,False
baseline,diretta,3,64,0.3004,966243,3216853,310.86,14.86,0,0,57.0,58.0,67.8,3498,0,0,True,False,False
p1_static,catena,3,64,0.3006,812502,2702787,369.99,59.74,0,0,58.0,58.0,67.8,3499,0,0,True,False,False
p1_static,diretta,3,64,0.3004,824130,2743064,364.56,57.33,0,0,59.0,58.0,82.3,3500,0,0,True,False,False
hardcoded,catena,3,64,0.3005,805988,2682230,372.82,68.86,0,0,58.0,59.0,67.9,3500,0,0,True,False,False
hardcoded,diretta,3,64,0.3005,798958,2658984,376.08,68.21,0,0,58.0,59.0,67.5,3499,0,0,True,False,False
template,catena,3,64,0.3004,514248,1711764,584.19,267.42,0,0,58.0,58.0,67.8,3498,0,0,True,False,False
template,diretta,3,64,0.3004,519012,1727720,578.8,262.96,0,0,58.0,58.0,81.8,3498,0,0,True,False,False
modular,catena,3,64,0.3004,399855,1331212,751.2,431.6,0,0,58.0,59.0,67.8,3499,0,0,True,False,False
modular,diretta,3,64,0.3003,400354,1333216,750.07,425.92,0,0,58.0,59.0,68.0,3494,0,0,True,False,False
baseline,diretta,4,64,0.3004,975556,3247119,307.97,14.77,0,0,58.0,57.0,68.1,3498,0,0,True,False,False
baseline,catena,4,64,0.3004,964629,3211018,311.43,17.11,0,0,59.0,57.0,82.4,3501,0,0,True,False,False
p1_static,diretta,4,64,0.3006,827268,2751845,363.39,57.37,0,0,58.0,59.0,82.3,3499,0,0,True,False,False
p1_static,catena,4,64,0.3005,820763,2730924,366.18,59.28,0,0,58.0,59.0,67.4,3497,0,0,True,False,False
hardcoded,diretta,4,64,0.3005,789688,2627780,380.55,69.36,0,0,58.0,57.0,67.7,3500,0,0,True,False,False
hardcoded,catena,4,64,0.3005,794677,2644318,378.17,70.59,0,0,59.0,57.0,82.3,3499,0,0,True,False,False
template,diretta,4,64,0.3003,523831,1744383,573.27,261.17,0,0,58.0,59.0,82.3,3496,0,0,True,False,False
template,catena,4,64,0.3004,520150,1731419,577.56,263.55,0,0,58.0,59.0,68.0,3498,0,0,True,False,False
modular,diretta,4,64,0.3004,393580,1310204,763.24,440.36,0,0,58.0,58.0,67.5,3500,0,0,True,False,False
modular,catena,4,64,0.3004,393582,1310088,763.31,436.38,0,0,58.0,58.0,68.2,3497,0,0,True,False,False
baseline,catena,5,64,0.3004,940454,3130376,319.45,17.51,0,0,58.0,59.0,81.7,3498,0,0,True,False,False
baseline,diretta,5,64,0.3003,957116,3186695,313.8,14.94,0,0,58.0,59.0,68.2,3497,0,0,True,False,False
p1_static,catena,5,64,0.3005,823786,2740962,364.84,58.79,0,0,58.0,59.0,68.4,3497,0,0,True,False,False
p1_static,diretta,5,64,0.3005,818480,2724069,367.1,57.65,0,0,58.0,59.0,67.5,3498,0,0,True,False,False
hardcoded,catena,5,64,0.3005,799733,2661304,375.76,69.89,0,0,58.0,60.0,82.1,3496,0,0,True,False,False
hardcoded,diretta,5,64,0.3005,794779,2645081,378.06,68.59,0,0,58.0,60.0,67.6,3498,0,0,True,False,False
template,catena,5,64,0.3005,511777,1703267,587.11,268.28,0,0,58.0,58.0,67.5,3498,0,0,True,False,False
template,diretta,5,64,0.3004,518293,1725163,579.66,263.25,0,0,59.0,58.0,82.0,3499,0,0,True,False,False
modular,catena,5,64,0.3003,399494,1330474,751.61,432.47,0,0,59.0,60.0,81.9,3497,0,0,True,False,False
modular,diretta,5,64,0.3004,399072,1328410,752.78,429.59,0,0,58.0,60.0,67.6,3493,0,0,True,False,False
