campo,valore
data,2026-10-10 17:00:22
commit,6e6eb9ba
cpu,Intel(R) Core(TM) Ultra 7 155H
cpu_online,22
cpu_governor,powersave
ram_mb,15593
kernel,Linux 6.8.0-142-generic x86_64
distribuzione,Ubuntu 24.04.4 LTS
cmdline_kernel,BOOT_IMAGE=/vmlinuz-6.8.0-142-generic root=/dev/mapper/ubuntu--vg-ubuntu--lv ro
python,3.12.3
clang,Ubuntu clang version 18.1.3 (1ubuntu1)
bcc,0.29.1
pktgen,presente
datapath,"veth (XDP nativo), TG e DUT sulla stessa macchina"
copia_headroom,"si -- pktgen riserva NET_SKB_PAD (64B), XDP su veth pretende XDP_PACKET_HEADROOM (256B): una copia per pacchetto"
cpu_generatore,10
cpu_dut,12
code_ingresso_dut,1 (ingresso del fabric)
code_uscita,1 per veth d'uscita (CPU del DUT -> coda 12->0)
modalita,rates
napi_threaded,si
topologia_generatore,shared
xmit_mode,start_xmit
finestra_s,0.3
finestra_modo,steady
generatore,xdp
ttl_mix,"no (pacchetto fisso, TTL 32)"
modello,traffic_width_8 (/home/ettore/Scrivania/ipa_lab/ipa/synth/traffic/width_8)
modello_forma,65-8-8-7
scenario,germany50
cpu_uscita,stessa del DUT
warmup_s,0.1
ripetizioni_per_punto,3
giri,3
soglia_perdita_pct,0.1
clone_skb,0
burst,0
frame_byte,64
pipeline,"baseline,p1_static,hardcoded,template,modular"
macchina,"LENOVO IdeaPad Slim 5 14IMH9 (83DA), BIOS N7CN32WW"
topologia_cpu,ibrida: P-core 0-11 (SMT) base 1400 max 4800 MHz; E-core 12-19 base 900 max 3800 MHz; LP E-core 20-21 base 700 max 2500 MHz
microcode,0x28
ruolo_dut,"cpu12 (E, modulo L2 con 13-15)"
ruolo_uscita,nessuna CPU sua (softirq sulla CPU del DUT)
ruolo_generatore,"cpu10 (P, fratello 11)"
fratelli_smt_a_riposo,"11,13-15"
cpu_sistema,"0-9,16-21"
intel_pstate,active
turbo,attivo
governor_banco,"cpu 10,12: performance"
frequenza_banco,"cpu 10,12: 3500-3500 MHz"
epp_banco,"cpu 10,12: default"
idle_banco,"cpu 10,12: POLL,C1E"
uncore,package_00_die_00 3300-3300 MHz
profilo_piattaforma,performance
alimentazione,"BATTERIA, batteria 65%"
temperatura_pacchetto_c,54.0
nmi_watchdog,0
throttle_dal_boot_banco,"cpu 10,12: 0"
servizio_thermald,active
servizio_irqbalance,inactive
servizio_power-profiles-daemon,active
condizionamento,"applicato da host_conditions, ripristinato a fine run"
host_alimentazione,"BATTERIA, batteria 65%"
host_profilo,"performance (era balanced, power-profiles-daemon)"
host_isolamento_processi,"init.scope, system.slice, user.slice -> cpu 0-9,16-21"
host_isolamento_kthread,26 spostati sulle CPU del sistema
host_isolamento_irq,"36 IRQ su cpu 0-9,16-21, 8 non spostabili (affinita' gestita dal kernel)"
host_isolamento_workqueue,"unbound su cpu 0-9,16-21"
host_frequenza,"cpu 10-15: performance, 3500-3500 MHz"
host_frequenza_misurata,"cpu 10,12: 3492 MHz (APERF/MPERF, 0.3 s a pieno carico; richiesta cpu 10,12: 3500 MHz)"
host_frequenza_sistema,"cpu 0-9,16-19: massimo 2500 MHz (niente turbo durante il run)"
host_uncore,package_00_die_00 3300 MHz
host_idle,"cpu 10,12: spenti C6 (140 us), C10 (310 us); restano POLL, C1E"
host_nmi_watchdog,0 (era 1)
msr,APERF/MPERF su cpu12
run_throttle_core,0
run_throttle_pkg,1
run_smi,0
run_dut_busy_pct,25.5
run_dut_mhz,3389
run_pkg_temp_c,54.0
run_powerclamp,0
run_disturbed,True
registro_samples,24
registro_durata_s,23.04
registro_temp_max_c,63.0
registro_temp_min_c,52.0
registro_throttle_core,0
registro_throttle_pkg,1
registro_powerclamp_max,0.0
registro_campioni_a_batteria,24
contatori_hw,"instructions, cycles, cache-misses, branch-misses su cpu 12 (cpu_atom) (perf_event_open, utente + kernel, pinned)"
