method,frame,rate_requested_pps,rounds,reference,gen_limited,gen_limited_rounds,gen_burst_rounds,host_disturbed_rounds,e2e_percentile_clipped,bitrate_requested_gbps,bitrate_sent_gbps,bitrate_sent_l1_gbps,sent_pps,rx_pps,forwarded_pps,rx_gbps,forwarded_gbps,packets_sent,packets_received_by_xdp,packets_forwarded,packets_lost,loss_before_xdp,loss_in_pipeline,rejected_by_ingress_queue,lost_between_veth_and_xdp,not_forwarded_by_decision,loss_after_xdp,unaccounted_in_pipeline,tail_call_miss,loss_before_xdp_pct,rejected_pct,loss_in_pipeline_pct,decision_pct,loss_after_xdp_pct,loss_total_pct,e2e_latency_p50_us,e2e_latency_p90_us,e2e_latency_p99_us,e2e_latency_mean_us,e2e_latency_min_us,e2e_latency_max_us,e2e_latency_p50_raw_us,e2e_samples,e2e_spin_correction_us,duration_s,point_wall_s,host_dut_mhz,host_dut_busy_pct,host_pkg_temp_c,sent_pps_min,sent_pps_max,rx_pps_min,rx_pps_max,forwarded_pps_min,forwarded_pps_max,bitrate_sent_gbps_min,bitrate_sent_gbps_max,e2e_latency_p50_us_min,e2e_latency_p50_us_max,e2e_latency_p99_us_min,e2e_latency_p99_us_max,rxonly_loss_before_xdp_pct,excess_loss_before_xdp_pct,bottleneck
rxonly,64,500000,3,True,False,0,0,0,False,0.256,0.256,0.352,500034,499994,,0.256,,150129,150113,,,12,,12,0,,,,150112,0.008,0.008,,,,,,,,,,,,0,,0.3002,0.422,3498,26.3,53.0,500002,500040,499980,500052,,,0.256,0.256,,,,,0.008,,riferimento
rxonly,64,1000000,3,True,False,0,0,0,False,0.512,0.512,0.704,999988,1000018,,0.512,,300253,300266,,,-13,,0,-13,,,,300273,-0.004,0.0,,,,,,,,,,,,0,,0.3003,0.423,3498,37.6,53.0,999974,1000014,999998,1000045,,,0.512,0.512,,,,,-0.004,,riferimento
rxonly,64,1500000,3,True,False,0,0,0,False,0.768,0.7676,1.0555,1499228,1499179,,0.7676,,450130,450119,,,29,,29,0,,,,450120,0.006,0.006,,,,,,,,,,,,0,,0.3002,0.423,3494,48.3,53.0,1493965,1499276,1499121,1504206,,,0.7649,0.7676,,,,,0.006,,riferimento
rxonly,64,2000000,3,True,False,0,0,0,False,1.024,1.0239,1.4078,1999742,1999634,,1.0238,,600443,600410,,,31,,31,0,,,,600409,0.005,0.005,,,,,,,,,,,,0,,0.3003,0.429,3498,54.7,53.0,1999737,1999943,1999616,2000374,,,1.0239,1.024,,,,,0.005,,riferimento
rxonly,64,2500000,3,True,False,0,0,0,False,1.28,1.2799,1.7598,2499714,2499421,,1.2797,,750499,750397,,,88,,88,0,,,,750400,0.012,0.012,,,,,,,,,,,,0,,0.3002,0.423,3498,57.4,53.0,2499675,2500148,2499389,2499808,,,1.2798,1.2801,,,,,0.012,,riferimento
rxonly,64,3000000,3,True,False,0,0,0,False,1.536,1.5374,2.1139,3002717,3002457,,1.5373,,901522,901451,,,71,,71,0,,,,901494,0.008,0.008,,,,,,,,,,,,0,,0.3002,0.425,3499,58.4,53.0,3002420,3003045,3002402,3002480,,,1.5372,1.5376,,,,,0.008,,riferimento
rxonly,64,3500000,3,True,False,0,0,0,False,1.792,1.79,2.4613,3496144,3495821,,1.7899,,1049723,1049693,,,30,,30,0,,,,1049680,0.003,0.003,,,,,,,,,,,,0,,0.3003,0.425,3499,60.2,53.0,3495681,3496306,3495581,3496339,,,1.7898,1.7901,,,,,0.003,,riferimento
rxonly,64,4000000,3,True,False,0,0,0,False,2.048,2.0476,2.8155,3999272,3998795,,2.0474,,1200666,1200487,,,201,,201,0,,,,1200524,0.017,0.017,,,,,,,,,,,,0,,0.3002,0.426,3496,59.6,53.0,3999048,4000042,3998378,3998996,,,2.0475,2.048,,,,,0.017,,riferimento
rxonly,64,5000000,3,True,False,0,0,0,False,2.56,2.5588,3.5183,4997607,4998692,,2.5593,,1500800,1501202,,,-402,,0,-402,,,,1501213,-0.027,0.0,,,,,,,,,,,,0,,0.3003,0.423,3502,61.9,53.0,4997187,4999525,4998525,4999481,,,2.5586,2.5598,,,,,-0.027,,riferimento
rxonly,64,6000000,3,True,False,0,0,0,False,3.072,3.0649,4.2142,5986070,5985604,,3.0646,,1797285,1797145,,,28,,28,0,,,,1797204,0.002,0.002,,,,,,,,,,,,0,,0.3003,0.422,3499,60.2,53.0,5983773,5986310,5983679,5986540,,,3.0637,3.065,,,,,0.002,,riferimento
rxonly,64,7000000,3,True,False,0,0,0,False,3.584,3.5793,4.9216,6990849,6990443,,3.5791,,2098858,2098834,,,211,,211,0,,,,2098754,0.01,0.01,,,,,,,,,,,,0,,0.3002,0.422,3500,58.4,53.0,6990423,6991275,6990147,6990482,,,3.5791,3.5795,,,,,0.01,,riferimento
rxonly,64,8000000,3,True,False,0,0,0,False,4.096,4.0914,5.6256,7990946,7991982,,4.0919,,2399463,2399774,,,-5,,0,-5,,,,2399588,-0.0,0.0,,,,,,,,,,,,0,,0.3002,0.426,3498,57.2,53.0,7989135,7996173,7989152,7995370,,,4.0904,4.094,,,,,-0.0,,riferimento
baseline,64,500000,3,False,False,0,0,0,False,0.256,0.256,0.352,500017,499928,499997,0.256,0.256,150139,150118,150139,5,14,-8,14,0,0,0,-5,0,0.009,0.009,-0.005,0.0,0.0,0.003,16.0,22.0,24.0,16.53,7.0,45.0,16.0,18789,,0.3003,0.423,3497,22.6,53.0,499756,500061,499902,499970,499756,500044,0.2559,0.256,16.0,17.0,23.0,24.0,0.008,0.001,nessuna
baseline,64,1000000,3,False,False,0,0,0,False,0.512,0.512,0.704,1000022,999929,999949,0.512,0.512,300259,300227,300233,22,28,-6,28,0,0,-5,-1,0,0.009,0.009,-0.002,0.0,-0.002,0.007,21.0,26.0,28.0,21.0,11.0,49.0,21.0,18788,,0.3002,0.423,3500,22.2,53.0,999947,1000068,999878,999971,999834,1000022,0.512,0.512,21.0,21.0,28.0,29.0,-0.004,0.013,nessuna
baseline,64,1500000,3,False,False,0,0,0,False,0.768,0.7676,1.0554,1499127,1499191,1499058,0.7676,0.7675,450109,450119,450084,17,-35,51,0,-35,0,49,-5,0,-0.008,0.0,0.011,0.0,0.011,0.004,25.0,30.0,33.0,25.11,13.0,51.0,25.0,14082,,0.3002,0.419,3497,23.4,53.0,1499074,1499141,1499075,1499257,1499018,1499087,0.7675,0.7676,25.0,25.0,33.0,34.0,0.006,-0.014,nessuna
baseline,64,2000000,3,False,False,0,0,0,False,1.024,1.0238,1.4078,1999705,1999919,1999629,1.024,1.0238,600473,600593,600450,9,-101,110,0,-101,0,170,-46,0,-0.017,0.0,0.018,0.0,0.028,0.001,29.0,35.0,38.0,28.49,10.0,54.0,29.0,18791,,0.3003,0.423,3496,24.1,53.0,1999568,1999845,1999905,2000128,1999539,1999842,1.0238,1.0239,28.0,29.0,37.0,38.0,0.005,-0.022,nessuna
baseline,64,2500000,3,False,False,0,0,0,False,1.28,1.28,1.76,2499950,2499473,2499823,1.2797,1.2799,750611,750478,750573,31,133,-99,133,0,0,-52,-47,0,0.018,0.018,-0.013,0.0,-0.007,0.004,29.0,39.0,43.0,28.92,8.0,57.0,29.0,11743,,0.3003,0.421,3496,27.0,53.0,2499252,2500063,2498905,2499507,2499235,2499960,1.2796,1.28,28.0,29.0,43.0,43.0,0.012,0.006,nessuna
baseline,64,3000000,3,False,False,0,0,0,False,1.536,1.5374,2.114,3002813,3002583,3002773,1.5373,1.5374,901706,901591,901643,12,69,-52,69,0,0,-46,-11,0,0.008,0.008,-0.006,0.0,-0.005,0.001,28.0,35.0,40.0,27.56,8.0,49.0,28.0,14107,,0.3003,0.423,3499,28.9,53.0,3002000,3003108,3002489,3002725,3002180,3002898,1.537,1.5376,27.0,28.0,40.0,42.0,0.008,0.0,nessuna
baseline,64,3500000,3,False,False,0,0,0,False,1.792,1.7898,2.4609,3495630,3496054,3495580,1.79,1.7897,1049640,1049761,1049611,29,-4,15,0,-4,0,-63,4,0,-0.0,0.0,0.001,0.0,-0.006,0.003,26.0,34.0,39.0,26.08,7.0,49.0,26.0,16421,,0.3003,0.421,3498,31.9,53.0,3495617,3496567,3495630,3496246,3495534,3496407,1.7898,1.7902,26.0,26.0,38.0,39.0,0.003,-0.003,nessuna
baseline,64,4000000,3,False,False,0,0,0,False,2.048,2.0477,2.8155,3999326,3999332,3999159,2.0477,2.0476,1201063,1201065,1201013,26,-2,52,0,-2,0,17,31,0,-0.0,0.0,0.004,0.0,0.001,0.002,26.0,33.0,37.0,25.89,7.0,54.0,26.0,18793,,0.3003,0.425,3498,33.7,53.0,3999230,3999374,3999167,3999690,3999144,3999354,2.0476,2.0477,26.0,26.0,36.0,37.0,0.017,-0.017,nessuna
baseline,64,5000000,3,False,False,0,0,0,False,2.56,2.5593,3.5191,4998684,4997865,4998371,2.5589,2.5592,1500963,1500774,1500895,86,193,-107,193,0,0,-131,24,0,0.013,0.013,-0.007,0.0,-0.009,0.006,23.0,29.0,33.0,22.62,5.0,45.0,23.0,11740,,0.3003,0.426,3497,39.5,53.0,4997942,4999589,4997300,4999410,4997656,4999363,2.5589,2.5598,23.0,23.0,32.0,33.0,-0.027,0.04,nessuna
baseline,64,6000000,3,False,False,0,0,0,False,3.072,3.0652,4.2147,5986810,5986904,5986913,3.0653,3.0653,1797747,1797856,1797778,37,102,-65,102,0,0,-56,-6,0,0.006,0.006,-0.004,0.0,-0.003,0.002,20.0,26.0,30.0,20.41,6.0,41.0,20.0,14064,,0.3003,0.428,3500,44.6,53.0,5981850,5987243,5981197,5987396,5981507,5987120,3.0627,3.0655,20.0,20.0,30.0,31.0,0.002,0.004,nessuna
baseline,64,7000000,3,False,False,0,0,0,False,3.584,3.5742,4.9145,6980819,6980539,6980596,3.574,3.5741,2096467,2096383,2096400,148,-51,199,0,-51,0,272,-10,0,-0.002,0.0,0.009,0.0,0.013,0.007,18.0,25.0,34.0,18.57,4.0,97.0,18.0,16402,,0.3003,0.421,3499,49.3,53.0,6972187,6981814,6972833,6981983,6971628,6981321,3.5698,3.5747,18.0,18.0,32.0,36.0,0.01,-0.012,nessuna
baseline,64,8000000,3,False,False,0,0,0,False,4.096,4.0598,5.5822,7929271,7927729,7927969,4.059,4.0591,2381856,2381393,2381431,479,354,334,354,0,0,380,-46,0,0.015,0.015,0.014,0.0,0.016,0.02,17.0,25.0,35.0,17.38,4.0,70.0,17.0,18634,,0.3004,0.433,3497,51.5,53.0,7916811,7930952,7918149,7929773,7915216,7928661,4.0534,4.0606,16.0,17.0,34.0,35.0,-0.0,0.015,nessuna
p1_static,64,500000,3,False,False,0,0,0,False,0.256,0.256,0.352,500016,499959,500013,0.256,0.256,150157,150140,150156,6,17,-16,17,0,0,-15,-1,0,0.011,0.011,-0.011,0.0,-0.01,0.004,17.0,22.0,24.0,17.36,8.0,44.0,17.0,18797,,0.3003,0.426,3499,25.1,53.0,499958,500081,499898,500018,499938,500041,0.256,0.256,17.0,18.0,24.0,24.0,0.008,0.003,nessuna
p1_static,64,1000000,3,False,False,0,0,0,False,0.512,0.512,0.704,999971,999907,999951,0.512,0.512,300352,300302,300334,18,-3,31,0,-3,0,50,-14,0,-0.001,0.0,0.01,0.0,0.017,0.006,22.0,27.0,29.0,21.59,12.0,52.0,22.0,18802,,0.3003,0.421,3497,27.5,53.0,999895,1000073,999905,1000091,999802,1000013,0.5119,0.512,21.0,22.0,29.0,29.0,-0.004,0.003,nessuna
p1_static,64,1500000,3,False,False,0,0,0,False,0.768,0.7676,1.0555,1499264,1499211,1499248,0.7676,0.7676,450346,450330,450341,5,16,-11,16,0,0,-3,-8,0,0.004,0.004,-0.002,0.0,-0.001,0.001,27.0,33.0,35.0,26.92,10.0,56.0,27.0,14097,,0.3004,0.421,3498,29.7,53.0,1498883,1499447,1499087,1499448,1498883,1499330,0.7674,0.7677,27.0,27.0,35.0,36.0,0.006,-0.002,nessuna
p1_static,64,2000000,3,False,False,0,0,0,False,1.024,1.024,1.408,2000046,1999783,2000069,1.0239,1.024,600630,600487,600637,5,185,-187,185,0,0,-171,37,0,0.031,0.031,-0.031,0.0,-0.028,0.001,35.0,45.0,48.0,35.21,11.0,65.0,35.0,18799,,0.3003,0.427,3498,28.4,53.0,1999928,2000496,1999430,1999838,1999911,2000406,1.024,1.0243,35.0,38.0,47.0,50.0,0.005,0.026,nessuna
p1_static,64,2500000,3,False,False,0,0,0,False,1.28,1.28,1.7601,2500071,2499601,2499881,1.2798,1.2799,750816,750633,750751,62,140,-78,140,0,0,-44,21,0,0.019,0.019,-0.01,0.0,-0.006,0.008,39.0,48.0,51.0,38.79,12.0,59.0,39.0,11749,,0.3003,0.423,3496,32.5,53.0,2500067,2500391,2499498,2499961,2499861,2500174,1.28,1.2802,39.0,41.0,51.0,52.0,0.012,0.007,nessuna
p1_static,64,3000000,3,False,False,0,0,0,False,1.536,1.5377,2.1143,3003263,3002843,3002927,1.5375,1.5375,902037,901829,901993,44,19,82,19,0,0,92,-35,0,0.002,0.002,0.009,0.0,0.01,0.005,36.0,45.0,49.0,36.07,9.0,61.0,36.0,14118,,0.3003,0.426,3499,36.6,53.0,3002540,3003374,3002219,3003200,3002563,3003228,1.5373,1.5377,36.0,36.0,49.0,49.0,0.008,-0.006,nessuna
p1_static,64,3500000,3,False,False,0,0,0,False,1.792,1.7901,2.4614,3496252,3496042,3496139,1.79,1.79,1050135,1050005,1050096,39,129,-73,129,0,0,-57,9,0,0.012,0.012,-0.007,0.0,-0.005,0.004,34.0,42.0,46.0,33.53,8.0,54.0,34.0,16436,,0.3003,0.421,3500,41.7,53.0,3495804,3496550,3495374,3496117,3495617,3496420,1.7899,1.7902,32.0,36.0,46.0,48.0,0.003,0.009,nessuna
p1_static,64,4000000,3,False,False,0,0,0,False,2.048,2.0478,2.8157,3999594,3998963,3999495,2.0475,2.0477,1201350,1201062,1201269,54,183,-160,183,0,0,-77,-52,0,0.015,0.015,-0.013,0.0,-0.006,0.004,32.0,41.0,46.0,31.99,7.0,58.0,32.0,18802,,0.3003,0.423,3494,46.3,53.0,3999432,3999977,3998938,3998984,3999414,3999628,2.0477,2.048,32.0,33.0,46.0,46.0,0.017,-0.002,nessuna
p1_static,64,5000000,3,False,False,0,0,0,False,2.56,2.5595,3.5193,4999017,4998084,4998714,2.559,2.5593,1501420,1501227,1501279,91,12,-15,12,0,0,-140,86,0,0.001,0.001,-0.001,0.0,-0.009,0.006,23.0,35.0,42.0,23.47,5.0,53.0,23.0,11748,,0.3003,0.431,3499,56.1,53.0,4997831,4999243,4997791,4999107,4997841,4998773,2.5589,2.5596,23.0,24.0,42.0,42.0,-0.027,0.028,nessuna
p1_static,64,6000000,3,False,False,0,0,0,False,3.072,3.065,4.2144,5986406,5984565,5986016,3.0641,3.0648,1798122,1797390,1798117,117,711,-488,711,0,0,-530,42,0,0.04,0.04,-0.027,0.0,-0.029,0.007,19.0,32.0,39.0,19.92,4.0,50.0,19.0,14073,,0.3003,0.425,3498,66.3,53.0,5984434,5987003,5982066,5987907,5983691,5986986,3.064,3.0653,19.0,19.0,38.0,39.0,0.002,0.038,nessuna
p1_static,64,7000000,3,False,False,0,0,0,False,3.584,3.5493,4.8802,6932133,6931760,6931240,3.5491,3.5488,2081638,2081876,2081370,283,-495,814,0,-495,0,848,-34,0,-0.024,0.0,0.039,0.0,0.041,0.014,18.0,31.0,38.0,18.9,4.0,61.0,18.0,16291,,0.3004,0.428,3499,74.8,53.0,6928062,6932940,6929709,6934724,6927000,6931998,3.5472,3.5497,17.0,18.0,38.0,38.0,0.01,-0.034,nessuna
p1_static,64,8000000,3,False,False,0,0,0,False,4.096,4.0695,5.5955,7948210,7946656,7944439,4.0687,4.0676,2388045,2387578,2386912,1133,467,325,467,0,0,358,-57,0,0.02,0.02,0.014,0.0,0.015,0.047,11.0,21.0,38.0,13.02,4.0,79.0,11.0,18687,,0.3003,0.429,3499,82.9,53.0,7939740,7963134,7926717,7963497,7926251,7962415,4.0651,4.0771,11.0,13.0,29.0,42.0,-0.0,0.02,nessuna
hardcoded,64,500000,3,False,False,0,0,0,False,0.256,0.256,0.352,500017,499940,499998,0.256,0.256,150156,150133,150146,10,23,-13,23,0,0,-4,1,0,0.015,0.015,-0.009,0.0,-0.003,0.007,18.0,23.0,24.0,17.57,8.0,42.0,18.0,18797,,0.3003,0.423,3500,25.5,53.0,500002,500097,499900,500015,499983,500063,0.256,0.256,17.0,18.0,24.0,24.0,0.008,0.007,nessuna
hardcoded,64,1000000,3,False,False,0,0,0,False,0.512,0.512,0.704,1000053,1000010,1000037,0.512,0.512,300359,300346,300352,6,13,-8,13,0,0,-10,1,0,0.004,0.004,-0.003,0.0,-0.003,0.002,22.0,27.0,29.0,21.81,12.0,47.0,22.0,18802,,0.3003,0.421,3498,28.2,53.0,999939,1000215,999865,1000016,999919,1000182,0.512,0.5121,22.0,22.0,29.0,29.0,-0.004,0.008,nessuna
hardcoded,64,1500000,3,False,False,0,0,0,False,0.768,0.7676,1.0555,1499231,1499075,1499187,0.7675,0.7676,450264,450217,450239,22,47,-16,47,0,0,-11,6,0,0.01,0.01,-0.004,0.0,-0.002,0.005,27.0,33.0,39.0,26.84,10.0,57.0,27.0,14092,,0.3003,0.427,3498,30.8,53.0,1499230,1499390,1498891,1499197,1499128,1499317,0.7676,0.7677,26.0,27.0,38.0,40.0,0.006,0.004,nessuna
hardcoded,64,2000000,3,False,False,0,0,0,False,1.024,1.0239,1.4079,1999886,1999529,1999769,1.0238,1.0239,600684,600507,600692,29,107,-72,107,0,0,-89,-4,0,0.018,0.018,-0.012,0.0,-0.015,0.005,37.0,47.0,51.0,37.23,10.0,68.0,37.0,18806,,0.3003,0.421,3498,30.1,53.0,1999611,2000165,1999452,1999993,1999694,2000068,1.0238,1.0241,35.0,38.0,48.0,51.0,0.005,0.013,nessuna
hardcoded,64,2500000,3,False,False,0,0,0,False,1.28,1.2798,1.7597,2499589,2499648,2499566,1.2798,1.2798,750847,750633,750798,49,-49,120,0,-49,0,149,-29,0,-0.007,0.0,0.016,0.0,0.02,0.007,40.0,49.0,52.0,39.95,12.0,62.0,40.0,11751,,0.3003,0.419,3497,33.8,53.0,2499485,2499968,2499256,2499965,2499229,2499805,1.2797,1.28,40.0,41.0,52.0,52.0,0.012,-0.019,nessuna
hardcoded,64,3000000,3,False,False,0,0,0,False,1.536,1.5376,2.1142,3003143,3002268,3003203,1.5372,1.5376,901993,901642,901899,-22,110,-132,110,0,0,-177,-8,0,0.012,0.012,-0.015,0.0,-0.02,-0.002,36.0,44.0,47.0,35.37,11.0,56.0,36.0,14116,,0.3004,0.428,3496,38.4,53.0,3002311,3003516,3001945,3003422,3002384,3003229,1.5372,1.5378,35.0,36.0,47.0,48.0,0.008,0.004,nessuna
hardcoded,64,3500000,3,False,False,0,0,0,False,1.792,1.7899,2.4611,3495865,3495792,3495619,1.7898,1.7898,1049891,1049875,1049817,41,-101,87,0,-101,0,-76,57,0,-0.01,0.0,0.008,0.0,-0.007,0.004,35.0,44.0,49.0,35.0,8.0,57.0,35.0,16431,,0.3003,0.426,3498,43.6,53.0,3495456,3496115,3495129,3496578,3495502,3495979,1.7897,1.79,33.0,36.0,47.0,49.0,0.003,-0.013,nessuna
hardcoded,64,4000000,3,False,False,0,0,0,False,2.048,2.0476,2.8154,3999193,3999421,3998977,2.0477,2.0475,1201090,1201251,1201025,58,92,-27,92,0,0,-39,-54,0,0.008,0.008,-0.002,0.0,-0.003,0.005,30.0,40.0,46.0,30.28,7.0,59.0,30.0,18801,,0.3003,0.425,3498,49.1,53.0,3998356,4000052,3998887,3999549,3998263,3999859,2.0472,2.048,30.0,32.0,45.0,46.0,0.017,-0.009,nessuna
hardcoded,64,5000000,3,False,False,0,0,0,False,2.56,2.5592,3.5189,4998464,4998431,4998085,2.5592,2.559,1501290,1501280,1501176,88,10,104,10,0,0,17,87,0,0.001,0.001,0.007,0.0,0.001,0.006,23.0,36.0,42.0,23.52,5.0,47.0,23.0,11749,,0.3004,0.425,3498,60.1,53.0,4997179,5000129,4997785,4999113,4997116,4999836,2.5586,2.5601,23.0,23.0,42.0,42.0,-0.027,0.028,nessuna
hardcoded,64,6000000,3,False,False,0,0,0,False,3.072,3.0648,4.214,5985857,5984189,5985657,3.0639,3.0647,1797357,1797227,1797297,60,78,-92,78,0,0,-111,19,0,0.004,0.004,-0.005,0.0,-0.006,0.003,20.0,32.0,39.0,20.3,4.0,47.0,20.0,14058,,0.3003,0.424,3495,71.1,53.0,5977194,5986939,5976935,5985950,5977241,5986360,3.0603,3.0653,18.0,20.0,38.0,39.0,0.002,0.002,nessuna
hardcoded,64,7000000,3,False,False,0,0,0,False,3.584,3.5523,4.8844,6938038,6937129,6936659,3.5518,3.5516,2083350,2083077,2082936,697,273,141,273,0,0,49,92,0,0.013,0.013,0.007,0.0,0.002,0.034,17.0,30.0,39.0,18.22,4.0,60.0,17.0,16295,,0.3003,0.426,3498,79.0,53.0,6927268,6949350,6927065,6945832,6924947,6946674,3.5468,3.5581,17.0,17.0,38.0,40.0,0.01,0.003,nessuna
hardcoded,64,8000000,3,False,False,0,0,0,False,4.096,4.0478,5.5658,7905922,7575880,7573593,3.8789,3.8777,2375018,2275716,2275029,102866,103700,-726,103700,0,0,-929,95,0,4.373,4.373,-0.031,0.0,-0.039,4.338,38.0,44.0,47.0,38.18,10.0,70.0,38.0,17809,,0.3004,0.429,3494,83.4,53.0,7898201,7922427,7552811,7626587,7555588,7629003,4.0439,4.0563,38.0,38.0,45.0,48.0,-0.0,4.373,ingresso: programma eBPF
template,64,500000,3,False,False,0,0,0,False,0.256,0.256,0.352,500025,499982,499998,0.256,0.256,150134,150108,150126,5,13,-5,13,0,0,-6,1,0,0.009,0.009,-0.003,0.0,-0.004,0.003,19.0,24.0,26.0,18.99,7.0,53.0,19.0,18788,,0.3002,0.423,3498,34.6,53.0,500014,500067,499947,500001,499997,500060,0.256,0.256,18.0,19.0,26.0,26.0,0.008,0.001,nessuna
template,64,1000000,3,False,False,0,0,0,False,0.512,0.5119,0.7039,999880,999920,999886,0.512,0.5119,300273,300246,300275,16,-33,56,0,-33,0,68,-7,0,-0.011,0.0,0.019,0.0,0.023,0.005,26.0,36.0,39.0,26.25,10.0,71.0,26.0,18789,,0.3003,0.429,3498,40.3,53.0,999810,1000111,999897,1000106,999734,1000057,0.5119,0.5121,26.0,26.0,39.0,40.0,-0.004,-0.007,nessuna
template,64,1500000,3,False,False,0,0,0,False,0.768,0.7676,1.0555,1499260,1499147,1499210,0.7676,0.7676,450183,450152,450168,19,37,-5,37,0,0,6,-3,0,0.008,0.008,-0.001,0.0,0.001,0.004,44.0,59.0,67.0,44.3,12.0,81.0,44.0,14085,,0.3003,0.425,3495,49.7,53.0,1499070,1499317,1498946,1499253,1498963,1499254,0.7675,0.7677,41.0,46.0,65.0,67.0,0.006,0.002,nessuna
template,64,2000000,3,False,False,0,0,0,False,1.024,1.024,1.408,2000000,1999826,1999979,1.0239,1.024,600545,600493,600546,9,52,-59,52,0,0,-84,19,0,0.009,0.009,-0.01,0.0,-0.014,0.001,37.0,53.0,62.0,37.25,10.0,72.0,37.0,18791,,0.3003,0.423,3495,61.0,53.0,1999849,2000009,1999736,2000052,1999703,2000023,1.0239,1.024,37.0,38.0,61.0,63.0,0.005,0.004,nessuna
template,64,2500000,3,False,False,0,0,0,False,1.28,1.2799,1.7599,2499798,2499642,2499661,1.2798,1.2798,750601,750568,750559,42,47,-47,47,0,0,-8,-22,0,0.006,0.006,-0.006,0.0,-0.001,0.006,32.0,47.0,56.0,32.02,9.0,76.0,32.0,11744,,0.3003,0.419,3498,71.9,53.0,2499569,2499921,2499226,2499990,2499429,2499798,1.2798,1.28,31.0,32.0,55.0,56.0,0.012,-0.006,nessuna
template,64,3000000,3,False,False,0,0,0,False,1.536,1.5372,2.1137,3002437,3001618,3002008,1.5368,1.537,901526,901297,901397,114,124,-41,124,0,0,-55,14,0,0.014,0.014,-0.005,0.0,-0.006,0.013,30.0,47.0,65.0,31.57,8.0,116.0,30.0,14105,,0.3003,0.43,3500,81.9,53.0,3001925,3002451,3001512,3002052,3001546,3002188,1.537,1.5373,29.0,31.0,62.0,81.0,0.008,0.006,nessuna
template,64,3500000,3,False,False,0,0,0,False,1.792,1.7879,2.4584,3492031,3054227,3053964,1.5638,1.5636,1048640,917307,917228,130543,130464,79,130464,0,0,94,-20,0,12.452,12.452,0.008,0.0,0.009,12.459,96.0,106.0,112.0,96.67,77.0,133.0,96.0,14356,,0.3003,0.423,3499,84.6,53.0,3488615,3492102,3043135,3074111,3042236,3074061,1.7862,1.788,94.0,96.0,107.0,112.0,0.003,12.449,ingresso: programma eBPF
template,64,4000000,3,False,False,0,0,0,False,2.048,2.0191,2.7763,3943635,3013920,3014157,1.5431,1.5432,1183969,905025,905096,275945,276016,-71,276016,0,0,-79,6,0,23.371,23.371,-0.006,0.0,-0.007,23.365,94.0,99.0,105.0,93.22,74.0,131.0,94.0,14164,,0.3003,0.424,3498,84.6,53.0,3933111,3953734,2980606,3041092,2980496,3041575,2.0138,2.0243,94.0,97.0,104.0,112.0,0.017,23.354,ingresso: programma eBPF
template,64,5000000,3,False,True,1,0,0,False,2.56,2.4488,3.3671,4782755,2946495,2946268,1.5086,1.5085,1436293,884852,884784,537333,537212,70,537212,0,0,78,-10,0,37.493,37.493,0.005,0.0,0.006,37.498,96.0,102.0,111.0,94.32,75.0,127.0,96.0,6925,,0.3003,0.424,3499,84.4,53.0,4706922,4802621,2942147,3013765,2941914,3013362,2.4099,2.4589,91.0,97.0,106.0,114.0,-0.027,37.52,ingresso: programma eBPF
template,64,6000000,3,False,True,3,0,0,False,3.072,2.8102,3.864,5488586,2993871,2993675,1.5329,1.5328,1648332,899083,899024,744157,744226,31,744226,0,0,35,-4,0,45.201,45.201,0.002,0.0,0.002,45.204,90.0,103.0,107.0,91.66,77.0,124.0,90.0,7035,,0.3003,0.428,3498,84.0,53.0,5463321,5571078,2924800,3092756,2924697,3092985,2.7972,2.8524,88.0,91.0,107.0,111.0,0.002,45.199,ingresso: programma eBPF
template,64,7000000,3,False,True,3,0,0,False,3.584,3.2173,4.4238,6283737,3080613,3080399,1.5773,1.5772,1887051,925056,924992,963663,963799,12,963799,0,0,14,-2,0,50.925,50.925,0.001,0.0,0.001,50.918,88.0,97.0,109.0,89.39,77.0,123.0,88.0,7238,,0.3003,0.427,3498,83.7,53.0,6246792,6301979,3012742,3092697,3012702,3093150,3.1984,3.2266,88.0,88.0,108.0,113.0,0.01,50.915,ingresso: programma eBPF
template,64,8000000,3,False,True,3,0,0,False,4.096,3.6114,4.9657,7053491,2954699,2954762,1.5128,1.5128,2118120,887213,887232,1238568,1238519,-19,1238519,0,0,-12,-7,0,58.473,58.473,-0.001,0.0,-0.001,58.475,95.0,104.0,108.0,96.41,81.0,128.0,95.0,6943,,0.3003,0.423,3498,84.8,53.0,7015666,7207295,2929134,3025324,2928971,3025854,3.592,3.6901,95.0,100.0,104.0,110.0,-0.0,58.473,ingresso: programma eBPF
modular,64,500000,3,False,False,0,0,0,False,0.256,0.256,0.352,500026,499986,500002,0.256,0.256,150134,150122,150128,10,14,-4,14,0,0,-5,0,0,0.009,0.009,-0.003,0.0,-0.003,0.007,20.0,25.0,29.0,20.36,9.0,55.0,20.0,18789,,0.3003,0.425,3496,41.7,53.0,500025,500035,499971,499989,499985,500006,0.256,0.256,20.0,20.0,29.0,30.0,0.008,0.001,nessuna
modular,64,1000000,3,False,False,0,0,0,False,0.512,0.512,0.704,999978,999944,999914,0.512,0.512,300261,300198,300241,16,7,9,7,0,0,32,-8,0,0.002,0.002,0.003,0.0,0.011,0.005,34.0,50.0,57.0,34.8,12.0,83.0,34.0,18786,,0.3002,0.425,3498,52.2,53.0,999968,1000155,999865,1000058,999911,1000108,0.512,0.5121,34.0,37.0,54.0,64.0,-0.004,0.006,nessuna
modular,64,1500000,3,False,False,0,0,0,False,0.768,0.7676,1.0555,1499252,1499108,1499098,0.7675,0.7675,450187,450147,450141,45,43,3,43,0,0,24,-21,0,0.01,0.01,0.001,0.0,0.005,0.01,40.0,61.0,72.0,41.01,12.0,83.0,40.0,14086,,0.3003,0.423,3497,66.7,53.0,1499161,1499319,1499064,1499140,1499011,1499173,0.7676,0.7677,39.0,42.0,70.0,74.0,0.006,0.004,nessuna
modular,64,2000000,3,False,False,0,0,0,False,1.024,1.0238,1.4077,1999575,1947241,1947098,0.997,0.9969,600421,584712,584669,15752,15709,-5,15709,0,0,-26,-6,0,2.616,2.616,-0.001,0.0,-0.004,2.623,140.0,153.0,163.0,128.93,12.0,215.0,140.0,18299,,0.3003,0.423,3499,84.5,53.0,1999556,1999902,1923565,1986557,1923881,1986574,1.0238,1.0239,43.0,145.0,160.0,166.0,0.005,2.611,ingresso: programma eBPF
modular,64,2500000,3,False,False,0,0,0,False,1.28,1.28,1.76,2500010,2082876,2083076,1.0664,1.0665,750629,625467,625527,125201,125261,-60,125261,0,0,-86,26,0,16.685,16.685,-0.008,0.0,-0.011,16.677,134.0,143.0,149.0,133.38,113.0,171.0,134.0,9790,,0.3003,0.422,3498,84.6,53.0,2499936,2500057,2021699,2122674,2022202,2122787,1.28,1.28,134.0,138.0,149.0,151.0,0.012,16.673,ingresso: programma eBPF
modular,64,3000000,3,False,False,0,0,0,False,1.536,1.537,2.1134,3002001,2049463,2049456,1.0493,1.0493,901538,615424,615422,285706,285704,116,285704,0,0,130,-10,0,31.705,31.705,0.013,0.0,0.014,31.705,142.0,150.0,156.0,141.29,114.0,177.0,142.0,9632,,0.3003,0.425,3498,84.1,53.0,3000904,3002181,1969745,2103029,1969256,2102642,1.5365,1.5371,135.0,145.0,148.0,163.0,0.008,31.697,ingresso: programma eBPF
modular,64,3500000,3,False,False,0,0,0,False,1.792,1.7757,2.4416,3468112,2014945,2014791,1.0317,1.0316,1041432,605045,604999,433707,433661,46,433661,0,0,49,-10,0,41.75,41.75,0.004,0.0,0.005,41.755,140.0,149.0,156.0,140.16,115.0,186.0,140.0,9470,,0.3003,0.419,3498,85.2,53.0,3459140,3479562,1947784,2035824,1947711,2035595,1.7711,1.7815,130.0,147.0,154.0,159.0,0.003,41.747,ingresso: programma eBPF
modular,64,4000000,3,False,False,0,0,0,False,2.048,1.9961,2.7446,3898647,2073064,2072827,1.0614,1.0613,1170845,622407,622336,551977,551782,71,551782,0,0,76,4,0,47.127,47.127,0.006,0.0,0.006,47.143,140.0,147.0,152.0,141.0,116.0,175.0,140.0,9738,,0.3003,0.425,3498,84.2,53.0,3889567,3928739,2061338,2075259,2060689,2075462,1.9915,2.0115,127.0,143.0,144.0,159.0,0.017,47.11,ingresso: programma eBPF
modular,64,5000000,3,False,True,3,0,0,False,2.56,2.4255,3.3351,4737291,2029021,2026718,1.0389,1.0377,1422516,609258,608896,813187,813258,61,813258,0,0,79,-12,0,57.17,57.17,0.004,0.0,0.006,57.165,141.0,149.0,156.0,141.47,124.0,178.0,141.0,4769,,0.3003,0.421,3501,85.1,53.0,4727067,4737426,2000529,2029024,2000326,2029257,2.4203,2.4256,127.0,146.0,148.0,158.0,-0.027,57.197,ingresso: programma eBPF
modular,64,6000000,3,False,True,3,0,0,False,3.072,2.8371,3.901,5541122,2027871,2028563,1.0383,1.0386,1663932,608944,609152,1056172,1056306,-134,1056306,0,0,-153,17,0,63.483,63.483,-0.008,0.0,-0.009,63.474,143.0,147.0,154.0,143.13,132.0,176.0,143.0,4768,,0.3003,0.421,3499,84.9,53.0,5518477,5594781,2023478,2100288,2023924,2099982,2.8255,2.8645,138.0,143.0,151.0,155.0,0.002,63.481,ingresso: programma eBPF
modular,64,7000000,3,False,True,3,0,0,False,3.584,3.2611,4.484,6369275,2038913,2038577,1.0439,1.0438,1912685,612283,612182,1300503,1300402,62,1300402,0,0,73,-9,0,67.988,67.988,0.003,0.0,0.004,67.994,145.0,151.0,156.0,145.4,121.0,178.0,145.0,4791,,0.3003,0.425,3496,84.2,53.0,6340104,6427081,2001405,2038927,2001198,2039060,3.2461,3.2907,139.0,147.0,148.0,158.0,0.01,67.978,ingresso: programma eBPF
modular,64,8000000,3,False,True,3,0,0,False,4.096,3.6771,5.0559,7181739,2022484,2022468,1.0355,1.0355,2156697,607358,607353,1549344,1549339,-13,1549339,0,0,-7,-9,0,71.829,71.829,-0.001,0.0,-0.0,71.828,145.0,152.0,162.0,145.7,126.0,179.0,145.0,4754,,0.3003,0.421,3494,84.8,53.0,7139466,7203530,2011286,2043960,2011329,2044037,3.6554,3.6882,140.0,148.0,153.0,164.0,-0.0,71.829,ingresso: programma eBPF
