method,frame,round,rate_requested_pps,bitrate_requested_gbps,delay_ns,gen_threads,duration_s,point_wall_s,packets_sent,packets_accepted_by_veth,rejected_by_ingress_queue,packets_received_by_xdp,tail_call_miss,sent_pps,rx_pps,bitrate_sent_bps,bitrate_sent_gbps,bitrate_sent_l1_gbps,rx_gbps,loss_before_xdp,lost_between_veth_and_xdp,loss_before_xdp_pct,rejected_pct,reference,napi_run_pct,napi_wait_pct,napi_sleeps_per_ms,napi_preempt_per_ms,gen_spin_per_sent,gen_resets,gen_late_mean_ns,gen_gap_pct,gen_calls,gen_limited,gen_burst,packets_forwarded,forwarded_pps,forwarded_gbps,packets_lost,loss_in_pipeline,loss_in_pipeline_pct,loss_total_pct,pipeline_hit,pipeline_miss,pipeline_drop,not_forwarded_by_decision,decision_pct,loss_after_xdp,loss_after_xdp_pct,unaccounted_in_pipeline,e2e_samples,e2e_sample_every,e2e_spin_correction_us,e2e_over_range,e2e_negative,e2e_no_stamp,e2e_percentile_clipped,e2e_latency_p50_us,e2e_latency_p90_us,e2e_latency_p99_us,e2e_latency_mean_us,e2e_latency_min_us,e2e_latency_max_us,e2e_latency_p50_raw_us,host_throttle_core,host_throttle_pkg,host_pkg_temp_c,host_dut_temp_c,host_dut_busy_pct,host_dut_mhz,host_smi,host_powerclamp,host_on_ac,host_off_target,host_disturbed
rxonly,64,1,500000,0.256,2000,1,0.3003,0.421,150133,150133,0,150148,150145,500002,500052,256001158,0.256,0.352,0.256,-15,-15,-0.01,0.0,True,18.96,0.01,70.498,0.0,35.09,0,76.8,0.0,0,False,False,,,,,,,,,,,,,,,,0,8,,0,0,0,False,,,,,,,,0,0,54.0,53.0,26.7,3498,0,0,True,False,False
baseline,64,1,500000,0.256,2000,1,0.3004,0.424,150139,150139,0,150183,0,499756,499902,255875288,0.2559,0.3518,0.256,-44,-44,-0.029,0.0,False,12.85,0.01,67.781,0.0,33.71,1,83.8,0.0,0,False,False,150139,499756,0.2559,0,44,0.029,0.0,150183,0,0,0,0.0,44,0.029,0,18804,8,,0,0,0,False,16.0,22.0,24.0,16.49,4.0,44.0,16.0,0,0,54.0,53.0,21.8,3497,0,0,True,False,False
p1_static,64,1,500000,0.256,2000,1,0.3003,0.426,150122,150122,0,150140,0,499958,500018,255978630,0.256,0.352,0.256,-18,-18,-0.012,0.0,False,16.18,0.01,68.292,0.0,33.97,0,78.7,0.0,0,False,False,150116,499938,0.256,6,24,0.016,0.004,150148,0,0,0,0.0,32,0.021,-8,18790,8,,0,0,0,False,17.0,22.0,24.0,17.36,6.0,44.0,17.0,0,0,54.0,53.0,24.8,3499,0,0,True,False,False
hardcoded,64,1,500000,0.256,2000,1,0.3003,0.426,150141,150141,0,150145,0,500002,500015,256001084,0.256,0.352,0.256,-4,-4,-0.003,0.0,False,16.74,0.01,68.556,0.0,34.1,0,82.0,0.0,0,False,False,150140,499998,0.256,1,5,0.003,0.001,150144,0,0,0,0.0,4,0.003,1,18794,8,,0,0,0,False,17.0,22.0,24.0,17.2,8.0,40.0,17.0,0,0,54.0,53.0,25.3,3501,0,0,True,False,False
template,64,1,500000,0.256,2000,1,0.3003,0.431,150134,150121,13,150121,0,500025,499982,256013028,0.256,0.352,0.256,13,0,0.009,0.009,False,27.01,0.02,67.869,0.0,33.75,0,80.4,0.0,0,False,False,150126,499998,0.256,8,-5,-0.003,0.005,150120,0,0,0,0.0,-6,-0.004,1,18790,8,,0,0,0,False,19.0,24.0,26.0,19.1,7.0,53.0,19.0,0,0,54.0,52.0,33.6,3498,0,0,True,False,False
modular,64,1,500000,0.256,2000,1,0.3003,0.429,150143,150129,14,150129,0,500035,499989,256018307,0.256,0.352,0.256,14,0,0.009,0.009,False,35.86,0.01,67.014,0.0,33.32,0,78.5,0.0,0,False,False,150133,500002,0.256,10,-4,-0.003,0.007,150128,0,0,0,0.0,-5,-0.003,1,18790,8,,0,0,0,False,20.0,25.0,29.0,20.36,9.0,55.0,20.0,0,0,54.0,52.0,41.5,3499,0,0,True,False,False
rxonly,64,1,1000000,0.512,1000,1,0.3003,0.419,300316,300311,5,300311,300313,1000014,999998,512007510,0.512,0.704,0.512,5,0,0.002,0.002,True,33.56,0.01,60.001,0.0,14.36,0,93.7,0.0,0,False,False,,,,,,,,,,,,,,,,0,16,,0,0,0,False,,,,,,,,0,0,53.0,52.0,37.6,3498,0,0,True,False,False
baseline,64,1,1000000,0.512,1000,1,0.3002,0.425,300255,300227,28,300227,0,1000022,999929,512011503,0.512,0.704,0.512,28,0,0.009,0.009,False,15.14,0.01,55.504,0.003,13.21,1,97.1,0.0,0,False,False,300233,999949,0.512,22,-6,-0.002,0.007,300228,0,0,0,0.0,-5,-0.002,-1,18786,16,,0,0,0,False,21.0,26.0,28.0,21.0,9.0,47.0,21.0,0,0,53.0,52.0,22.0,3500,0,0,True,False,False
p1_static,64,1,1000000,0.512,1000,1,0.3003,0.421,300272,300272,0,300275,0,999895,999905,511946534,0.5119,0.7039,0.512,-3,-3,-0.001,0.0,False,20.9,0.01,57.112,0.0,13.62,0,93.2,0.0,0,False,False,300244,999802,0.5119,28,31,0.01,0.009,300294,0,0,0,0.0,50,0.017,-19,18794,16,,0,0,0,False,21.0,26.0,29.0,21.4,10.0,54.0,21.0,0,0,53.0,53.0,27.5,3498,0,0,True,False,False
hardcoded,64,1,1000000,0.512,1000,1,0.3003,0.418,300329,300329,0,300352,0,999939,1000016,511969162,0.512,0.704,0.512,-23,-23,-0.008,0.0,False,21.69,0.01,56.072,0.0,13.36,0,97.1,0.0,0,False,False,300323,999919,0.512,6,29,0.01,0.002,300371,0,0,0,0.0,48,0.016,-19,18802,16,,0,0,0,False,22.0,27.0,29.0,21.81,10.0,47.0,22.0,0,0,53.0,53.0,28.0,3498,0,0,True,False,False
template,64,1,1000000,0.512,1000,1,0.3003,0.429,300213,300213,0,300246,0,999810,999920,511903076,0.5119,0.7039,0.512,-33,-33,-0.011,0.0,False,39.89,0.01,52.133,0.0,13.78,1,92.8,0.0,0,False,False,300190,999734,0.5119,23,56,0.019,0.008,300258,0,0,0,0.0,68,0.023,-12,18787,16,,0,0,0,False,26.0,35.0,39.0,25.86,10.0,103.0,26.0,0,0,53.0,52.0,41.0,3500,0,0,True,False,False
modular,64,1,1000000,0.512,1000,1,0.3002,0.422,300205,300198,7,300198,0,999968,999944,511983633,0.512,0.704,0.512,7,0,0.002,0.002,False,55.99,0.01,37.65,0.0,13.88,1,86.4,0.0,0,False,False,300189,999914,0.512,16,9,0.003,0.005,300221,0,0,0,0.0,32,0.011,-23,18783,16,,0,0,0,False,34.0,50.0,57.0,34.8,12.0,83.0,34.0,0,0,54.0,52.0,53.3,3498,0,0,True,False,False
rxonly,64,1,1500000,0.768,667,1,0.3002,0.419,450148,450119,29,450119,450117,1499276,1499179,767629583,0.7676,1.0555,0.7676,29,0,0.006,0.006,True,47.71,0.01,50.146,0.0,7.56,4,112.3,0.0,0,False,False,,,,,,,,,,,,,,,,0,32,,0,0,0,False,,,,,,,,0,0,53.0,52.0,49.0,3494,0,0,True,False,False
baseline,64,1,1500000,0.768,667,1,0.3002,0.419,450084,450084,0,450119,0,1499074,1499191,767526276,0.7675,1.0553,0.7676,-35,-35,-0.008,0.0,False,17.38,0.01,47.089,0.0,7.04,3,114.0,0.0,0,False,False,450067,1499018,0.7675,17,52,0.012,0.004,450153,0,0,0,0.0,86,0.019,-34,14081,32,,0,0,0,False,25.0,30.0,33.0,24.91,12.0,51.0,25.0,0,0,53.0,52.0,22.9,3499,0,0,True,False,False
p1_static,64,1,1500000,0.768,667,1,0.3003,0.421,450310,450202,108,450202,0,1499447,1499087,767716982,0.7677,1.0556,0.7675,108,0,0.024,0.024,False,25.17,0.01,47.743,0.0,7.16,1,109.5,0.0,0,False,False,450275,1499330,0.7677,35,-73,-0.016,0.008,450192,0,0,0,0.0,-83,-0.018,10,14094,32,,0,0,0,False,27.0,32.0,35.0,26.7,10.0,64.0,27.0,0,0,53.0,52.0,29.7,3500,0,0,True,False,False
hardcoded,64,1,1500000,0.768,667,1,0.3003,0.427,450266,450116,150,450116,0,1499390,1498891,767688040,0.7677,1.0556,0.7674,150,0,0.033,0.033,False,26.62,0.01,48.082,0.0,7.22,3,112.0,0.0,0,False,False,450244,1499317,0.7677,22,-128,-0.028,0.005,450110,0,0,0,0.0,-134,-0.03,6,14091,32,,0,0,0,False,27.0,33.0,38.0,27.02,10.0,57.0,27.0,0,0,53.0,52.0,30.5,3500,0,0,True,False,False
template,64,1,1500000,0.768,667,1,0.3003,0.419,450203,450152,51,450152,0,1499317,1499147,767650544,0.7677,1.0555,0.7676,51,0,0.011,0.011,False,56.0,0.0,20.911,0.0,7.61,2,101.7,0.0,0,False,False,450184,1499254,0.7676,19,-32,-0.007,0.004,450126,0,0,0,0.0,-58,-0.013,26,14085,32,,0,0,0,False,41.0,58.0,65.0,41.28,12.0,72.0,41.0,0,0,53.0,51.0,50.9,3499,0,0,True,False,False
modular,64,1,1500000,0.768,667,1,0.3003,0.421,450187,450144,43,450144,0,1499252,1499108,767617057,0.7676,1.0555,0.7675,43,0,0.01,0.01,False,75.81,0.0,13.851,0.0,7.22,2,103.9,0.0,0,False,False,450141,1499098,0.7675,46,3,0.001,0.01,450165,0,0,0,0.0,24,0.005,-21,14086,32,,0,0,0,False,42.0,63.0,74.0,43.06,12.0,91.0,42.0,0,0,53.0,51.0,66.7,3503,0,0,True,False,False
rxonly,64,1,2000000,1.024,500,1,0.3003,0.424,600441,600410,31,600410,600409,1999737,1999634,1023865520,1.0239,1.4078,1.0238,31,0,0.005,0.005,True,55.72,0.01,44.901,0.0,4.75,5,125.9,0.0,0,False,False,,,,,,,,,,,,,,,,0,32,,0,0,0,False,,,,,,,,0,0,53.0,51.0,54.7,3498,0,0,True,False,False
baseline,64,1,2000000,1.024,500,1,0.3003,0.419,600473,600473,0,600600,0,1999705,2000128,1023849346,1.0238,1.4078,1.0241,-127,-127,-0.021,0.0,False,19.98,0.01,41.524,0.0,4.32,3,125.6,0.0,0,False,False,600450,1999629,1.0238,23,150,0.025,0.004,600646,0,0,0,0.0,196,0.033,-46,18790,32,,0,0,0,False,29.0,35.0,38.0,28.61,10.0,54.0,29.0,0,0,53.0,51.0,24.0,3500,0,0,True,False,False
p1_static,64,1,2000000,1.024,500,1,0.3003,0.427,600514,600487,27,600487,0,1999928,1999838,1023963385,1.024,1.4079,1.0239,27,0,0.004,0.004,False,28.71,0.01,27.146,0.007,4.76,2,116.0,0.0,0,False,False,600509,1999911,1.024,5,-22,-0.004,0.001,600450,0,0,0,0.0,-59,-0.01,37,18792,32,,0,0,0,False,35.0,45.0,48.0,34.87,9.0,71.0,35.0,0,0,53.0,52.0,28.8,3498,0,0,True,False,False
hardcoded,64,1,2000000,1.024,500,1,0.3004,0.419,600684,600684,0,600799,0,1999611,1999993,1023800846,1.0238,1.4077,1.024,-115,-115,-0.019,0.0,False,30.55,0.0,23.196,0.0,4.4,1,120.9,0.0,0,False,False,600709,1999694,1.0238,-25,90,0.015,-0.004,600837,0,0,0,0.0,128,0.021,-38,18811,32,,0,0,0,False,38.0,48.0,51.0,37.74,10.0,71.0,38.0,0,0,53.0,52.0,30.1,3501,0,0,True,False,False
template,64,1,2000000,1.024,500,1,0.3003,0.423,600555,600473,82,600473,0,2000009,1999736,1024005007,1.024,1.408,1.0239,82,0,0.014,0.014,False,68.69,0.0,15.782,0.003,4.59,1,117.5,0.0,0,False,False,600546,1999979,1.024,9,-73,-0.012,0.001,600454,0,0,0,0.0,-92,-0.015,19,18794,32,,0,0,0,False,38.0,53.0,62.0,37.92,10.0,72.0,38.0,0,0,53.0,52.0,60.5,3495,0,0,True,False,False
modular,64,1,2000000,1.024,500,1,0.3003,0.428,600421,584712,15709,584712,0,1999556,1947241,1023773011,1.0238,1.4077,0.997,15709,0,2.616,2.616,False,99.86,0.01,0.027,0.02,4.83,5,109.4,0.0,0,False,False,584669,1947098,0.9969,15752,43,0.007,2.623,584718,0,0,0,0.0,49,0.008,-6,18299,32,,0,0,0,False,140.0,153.0,163.0,128.93,16.0,242.0,140.0,0,0,53.0,52.0,83.5,3499,0,0,True,False,False
rxonly,64,1,2500000,1.28,400,1,0.3002,0.421,750499,750397,102,750397,750400,2500148,2499808,1280075868,1.2801,1.7601,1.2799,102,0,0.014,0.014,True,59.91,0.01,42.381,0.0,3.34,3,125.7,0.0,0,False,False,,,,,,,,,,,,,,,,0,64,,0,0,0,False,,,,,,,,0,0,53.0,52.0,57.4,3501,0,0,True,False,False
baseline,64,1,2500000,1.28,400,1,0.3003,0.421,750755,750578,177,750578,0,2500063,2499473,1280032428,1.28,1.76,1.2797,177,0,0.024,0.024,False,23.05,0.01,40.767,0.0,3.18,7,126.2,0.0,0,False,False,750724,2499960,1.28,31,-146,-0.019,0.004,750595,0,0,0,0.0,-129,-0.017,-17,11745,64,,0,0,0,False,29.0,39.0,43.0,29.27,8.0,57.0,29.0,0,0,54.0,52.0,26.0,3496,0,0,True,False,False
p1_static,64,1,2500000,1.28,400,1,0.3004,0.417,750926,750893,33,750893,0,2500071,2499961,1280036578,1.28,1.7601,1.28,33,0,0.004,0.004,False,33.22,0.01,21.774,0.0,3.2,3,117.3,0.0,0,False,False,750869,2499881,1.2799,57,24,0.003,0.008,750872,0,0,0,0.0,3,0.0,21,11754,64,,0,0,0,False,39.0,48.0,51.0,38.79,12.0,58.0,39.0,0,0,53.0,52.0,32.5,3496,0,0,True,False,False
hardcoded,64,1,2500000,1.28,400,1,0.3002,0.419,750469,750469,0,750518,0,2499485,2499648,1279736683,1.2797,1.7596,1.2798,-49,-49,-0.007,0.0,False,34.93,0.01,21.102,0.0,3.14,6,122.4,0.0,0,False,False,750392,2499229,1.2796,77,126,0.017,0.01,750559,0,0,0,0.0,167,0.022,-41,11741,64,,0,0,0,False,40.0,49.0,52.0,39.84,12.0,62.0,40.0,0,0,53.0,52.0,33.8,3495,0,0,True,False,False
template,64,1,2500000,1.28,400,1,0.3002,0.419,750547,750547,0,750568,0,2499921,2499990,1279959574,1.28,1.7599,1.28,-21,-21,-0.003,0.0,False,82.16,0.01,10.305,0.007,3.23,2,118.3,0.0,0,False,False,750469,2499661,1.2798,78,99,0.013,0.01,750504,0,0,0,0.0,35,0.005,64,11740,64,,0,0,0,False,31.0,46.0,55.0,31.95,9.0,64.0,31.0,0,0,53.0,52.0,71.7,3500,0,0,True,False,False
modular,64,1,2500000,1.28,400,1,0.3002,0.422,750541,637247,113294,637247,0,2500057,2122674,1280029410,1.28,1.76,1.0868,113294,0,15.095,15.095,False,99.93,0.0,0.0,0.007,3.63,7,205.1,0.0,0,False,False,637281,2122787,1.0869,113260,-34,-0.005,15.09,637241,0,0,0,0.0,-40,-0.005,6,9971,64,,0,0,0,False,134.0,141.0,149.0,132.08,113.0,171.0,134.0,0,0,54.0,52.0,84.6,3500,0,0,True,False,False
rxonly,64,1,3000000,1.536,333,1,0.3002,0.426,901522,901451,71,901451,901510,3002717,3002480,1537391189,1.5374,2.1139,1.5373,71,0,0.008,0.008,True,59.51,0.01,42.76,0.003,2.65,6,123.8,0.0,0,False,False,,,,,,,,,,,,,,,,0,64,,0,0,0,False,,,,,,,,0,0,53.0,51.0,57.3,3499,0,0,True,False,False
baseline,64,1,3000000,1.536,333,1,0.3003,0.423,901706,901591,115,901591,0,3003108,3002725,1537591341,1.5376,2.1142,1.5374,115,0,0.013,0.013,False,26.67,0.01,39.276,0.0,2.35,5,123.9,0.0,0,False,False,901643,3002898,1.5375,63,-52,-0.006,0.007,901563,0,0,0,0.0,-80,-0.009,28,14107,64,,0,0,0,False,28.0,37.0,42.0,27.8,8.0,55.0,28.0,0,0,53.0,51.0,29.1,3500,0,0,True,False,False
p1_static,64,1,3000000,1.536,333,1,0.3003,0.417,901738,901738,0,901829,0,3002540,3002843,1537300687,1.5373,2.1138,1.5375,-91,-91,-0.01,0.0,False,38.9,0.01,21.54,0.003,2.45,9,116.8,0.0,0,False,False,901745,3002563,1.5373,-7,84,0.009,-0.001,901837,0,0,0,0.0,92,0.01,-8,14112,64,,0,0,0,False,36.0,45.0,49.0,35.66,7.0,61.0,36.0,0,0,53.0,52.0,37.3,3502,0,0,True,False,False
hardcoded,64,1,3000000,1.536,333,1,0.3003,0.428,901993,901618,375,901618,0,3003516,3002268,1537800702,1.5378,2.1145,1.5372,375,0,0.042,0.042,False,41.29,0.01,20.609,0.0,2.46,3,116.2,0.0,0,False,False,901899,3003203,1.5376,94,-281,-0.031,0.01,901671,0,0,0,0.0,-228,-0.025,-53,14116,64,,0,0,0,False,35.0,44.0,47.0,34.99,9.0,55.0,35.0,0,0,53.0,52.0,38.4,3495,0,0,True,False,False
template,64,1,3000000,1.536,333,1,0.3003,0.423,901526,901280,246,901280,0,3002437,3001618,1537248251,1.5372,2.1137,1.5368,246,0,0.027,0.027,False,98.37,0.0,0.976,0.01,2.06,9,116.7,0.0,0,False,False,901397,3002008,1.537,129,-117,-0.013,0.014,901254,0,0,0,0.0,-143,-0.016,26,14105,64,,0,0,0,False,29.0,46.0,62.0,30.61,8.0,116.0,29.0,0,0,53.0,53.0,82.9,3498,0,0,True,False,False
modular,64,1,3000000,1.536,333,1,0.3003,0.425,901557,631541,270016,631541,0,3002181,2103029,1537116832,1.5371,2.1135,1.0768,270016,0,29.95,29.95,False,99.89,0.02,0.0,0.013,2.78,142,310.1,0.0,0,False,False,631425,2102642,1.0766,270132,116,0.013,29.963,631555,0,0,0,0.0,130,0.014,-14,9884,64,,0,0,0,False,135.0,141.0,148.0,135.09,114.0,174.0,135.0,0,0,54.0,53.0,84.1,3498,0,0,True,False,False
rxonly,64,1,3500000,1.792,286,1,0.3002,0.425,1049658,1049561,97,1049561,1049628,3496144,3495821,1790026012,1.79,2.4613,1.7899,97,0,0.009,0.009,True,61.79,0.01,42.31,0.0,2.1,16,120.7,0.0,0,False,False,,,,,,,,,,,,,,,,0,64,,0,0,0,False,,,,,,,,0,0,53.0,51.0,58.6,3497,0,0,True,False,False
baseline,64,1,3500000,1.792,286,1,0.3003,0.425,1049640,1049640,0,1049825,0,3495630,3496246,1789762860,1.7898,2.4609,1.7901,-185,-185,-0.018,0.0,False,29.86,0.01,37.523,0.003,1.75,10,120.3,0.0,0,False,False,1049611,3495534,1.7897,29,214,0.02,0.003,1049821,0,0,0,0.0,210,0.02,4,16421,64,,0,0,0,False,26.0,33.0,39.0,26.18,7.0,49.0,26.0,0,0,53.0,51.0,31.5,3498,0,0,True,False,False
p1_static,64,1,3500000,1.792,286,1,0.3003,0.435,1050135,1050005,130,1050005,0,3496550,3496117,1790233802,1.7902,2.4616,1.79,130,0,0.012,0.012,False,44.4,0.0,19.648,0.0,1.72,7,115.2,0.0,0,False,False,1050096,3496420,1.7902,39,-91,-0.009,0.004,1049953,0,0,0,0.0,-143,-0.014,52,16436,64,,0,0,0,False,36.0,45.0,48.0,35.64,7.0,61.0,36.0,0,0,53.0,52.0,40.2,3500,0,0,True,False,False
hardcoded,64,1,3500000,1.792,286,1,0.3004,0.426,1050255,1050255,0,1050394,0,3496115,3496578,1790011262,1.79,2.4613,1.7902,-139,-139,-0.013,0.0,False,47.3,0.0,20.109,0.0,1.69,11,117.7,0.0,0,False,False,1050214,3495979,1.7899,41,180,0.017,0.004,1050373,0,0,0,0.0,159,0.015,21,16442,64,,0,0,0,False,35.0,44.0,49.0,35.0,8.0,62.0,35.0,0,0,53.0,52.0,43.6,3496,0,0,True,False,False
template,64,1,3500000,1.792,286,1,0.3003,0.423,1047771,917307,130464,917307,0,3488615,3054227,1786171039,1.7862,2.456,1.5638,130464,0,12.452,12.452,False,99.89,0.0,0.0,0.01,1.93,1247,248.8,0.0,0,False,False,917228,3053964,1.5636,130543,79,0.008,12.459,917322,0,0,0,0.0,94,0.009,-15,14356,64,,0,0,0,False,96.0,107.0,112.0,97.17,77.0,144.0,96.0,0,0,53.0,53.0,84.6,3497,0,0,True,False,False
modular,64,1,3500000,1.792,286,1,0.3003,0.419,1044979,611397,433582,611397,0,3479562,2035824,1781536237,1.7815,2.4496,1.0423,433582,0,41.492,41.492,False,100.23,0.0,0.0,0.01,2.47,3769,431.2,0.0,0,False,False,611328,2035595,1.0422,433651,69,0.007,41.499,611407,0,0,0,0.0,79,0.008,-10,9569,64,,0,0,0,False,130.0,137.0,156.0,130.34,118.0,184.0,130.0,0,0,54.0,53.0,85.2,3499,0,0,True,False,False
rxonly,64,1,4000000,2.048,250,1,0.3002,0.426,1200630,1200487,143,1200487,1200524,3999272,3998795,2047627367,2.0476,2.8155,2.0474,143,0,0.012,0.012,True,62.5,0.01,41.854,0.003,1.69,29,115.0,0.0,0,False,False,,,,,,,,,,,,,,,,0,64,,0,0,0,False,,,,,,,,0,0,53.0,52.0,59.4,3495,0,0,True,False,False
baseline,64,1,4000000,2.048,250,1,0.3003,0.431,1201100,1201081,19,1201081,0,3999230,3999167,2047606114,2.0476,2.8155,2.0476,19,0,0.002,0.002,False,33.3,0.01,35.301,0.0,1.26,19,125.3,0.0,0,False,False,1201074,3999144,2.0476,26,7,0.001,0.002,1201050,0,0,0,0.0,-24,-0.002,31,18797,64,,0,0,0,False,26.0,32.0,36.0,25.61,7.0,54.0,26.0,0,0,53.0,52.0,33.3,3498,0,0,True,False,False
p1_static,64,1,4000000,2.048,250,1,0.3003,0.434,1201374,1201062,312,1201062,0,3999977,3998938,2047988578,2.048,2.816,2.0475,312,0,0.026,0.026,False,49.91,0.01,19.581,0.007,1.37,15,109.5,0.0,0,False,False,1201269,3999628,2.0478,105,-207,-0.017,0.009,1200977,0,0,0,0.0,-292,-0.024,85,18802,64,,0,0,0,False,33.0,41.0,46.0,32.52,9.0,58.0,33.0,0,0,53.0,52.0,45.1,3498,0,0,True,False,False
hardcoded,64,1,4000000,2.048,250,1,0.3003,0.425,1201402,1201251,151,1201251,0,4000052,3999549,2048026947,2.048,2.816,2.0478,151,0,0.013,0.013,False,53.85,0.0,19.694,0.003,1.34,12,111.4,0.0,0,False,False,1201344,3999859,2.0479,58,-93,-0.008,0.005,1201305,0,0,0,0.0,-39,-0.003,-54,18805,64,,0,0,0,False,32.0,41.0,46.0,31.49,7.0,59.0,32.0,0,0,53.0,52.0,49.1,3498,0,0,True,False,False
template,64,1,4000000,2.048,250,1,0.3003,0.417,1181041,905025,276016,905025,0,3933111,3013920,2013752832,2.0138,2.7689,1.5431,276016,0,23.371,23.371,False,100.24,0.0,0.0,0.007,1.57,5371,372.5,0.0,0,False,False,905096,3014157,1.5432,275945,-71,-0.006,23.365,905017,0,0,0,0.0,-79,-0.007,8,14164,64,,0,0,0,False,97.0,108.0,112.0,97.77,61.0,140.0,97.0,0,0,53.0,52.0,85.6,3498,0,0,True,False,False
modular,64,1,4000000,2.048,250,1,0.3002,0.425,1179546,622407,557139,622407,0,3928739,2073064,2011514376,2.0115,2.7658,1.0614,557139,0,47.233,47.233,False,99.92,0.0,0.0,0.013,2.11,7781,470.6,0.0,0,False,False,622336,2072827,1.0613,557210,71,0.006,47.239,622412,0,0,0,0.0,76,0.006,-5,9738,64,,0,0,0,False,143.0,153.0,159.0,142.05,107.0,175.0,143.0,0,0,54.0,52.0,84.2,3501,0,0,True,False,False
rxonly,64,1,5000000,2.56,200,1,0.3003,0.419,1500800,1500800,0,1501202,1501213,4997187,4998525,2558559834,2.5586,3.518,2.5592,-402,-402,-0.027,0.0,True,64.52,0.01,42.677,0.0,1.2,101,116.9,0.0,0,False,False,,,,,,,,,,,,,,,,0,128,,0,0,0,False,,,,,,,,0,0,53.0,52.0,62.1,3502,0,0,True,False,False
baseline,64,1,5000000,2.56,200,1,0.3003,0.429,1501020,1500774,246,1500774,0,4998684,4997865,2559326617,2.5593,3.5191,2.5589,246,0,0.016,0.016,False,40.18,0.01,35.52,0.003,0.82,17,116.4,0.0,0,False,False,1500926,4998371,2.5592,94,-152,-0.01,0.006,1500775,0,0,0,0.0,-151,-0.01,-1,11741,128,,0,0,0,False,23.0,28.0,32.0,22.68,5.0,46.0,23.0,0,0,53.0,52.0,39.3,3499,0,0,True,False,False
p1_static,64,1,5000000,2.56,200,1,0.3003,0.437,1501420,1501072,348,1501072,0,4999243,4998084,2559612628,2.5596,3.5195,2.559,348,0,0.023,0.023,False,62.5,0.01,24.243,0.01,0.94,15,107.1,0.0,0,False,False,1501279,4998773,2.5594,141,-207,-0.014,0.009,1501066,0,0,0,0.0,-213,-0.014,6,11748,128,,0,0,0,False,23.0,35.0,42.0,23.47,4.0,51.0,23.0,0,0,53.0,52.0,55.6,3498,0,0,True,False,False
hardcoded,64,1,5000000,2.56,200,1,0.3004,0.419,1501290,1501280,10,1501280,0,4998464,4998431,2559213965,2.5592,3.5189,2.5592,10,0,0.001,0.001,False,67.32,0.01,20.043,0.003,0.96,15,105.3,0.0,0,False,False,1501176,4998085,2.559,114,104,0.007,0.008,1501193,0,0,0,0.0,17,0.001,87,11749,128,,0,0,0,False,23.0,36.0,42.0,23.52,5.0,47.0,23.0,0,0,53.0,52.0,61.0,3499,0,0,True,False,False
template,64,1,5000000,2.56,200,1,0.3003,0.43,1413430,883490,529940,883490,0,4706922,2942147,2409944449,2.4099,3.3137,1.5064,529940,0,37.493,37.493,False,100.24,0.0,0.0,0.01,1.11,11196,457.3,0.0,0,True,False,883420,2941914,1.5063,530010,70,0.005,37.498,883498,0,0,0,0.0,78,0.006,-8,6913,128,,0,0,0,False,97.0,102.0,114.0,97.01,83.0,131.0,97.0,0,0,53.0,53.0,83.3,3499,0,0,True,False,False
modular,64,1,5000000,2.56,200,1,0.3004,0.426,1420174,609589,810585,609589,0,4727067,2029024,2420258632,2.4203,3.3279,1.0389,810585,0,57.076,57.076,False,100.19,0.0,0.0,0.01,1.57,10198,389.3,0.0,0,True,False,608896,2026718,1.0377,811278,693,0.049,57.125,609601,0,0,0,0.0,705,0.05,-12,4770,128,,0,0,0,False,127.0,136.0,148.0,128.66,118.0,197.0,127.0,0,0,54.0,53.0,84.3,3502,0,0,True,False,False
rxonly,64,1,6000000,3.072,167,1,0.3002,0.422,1797285,1797145,140,1797145,1797204,5986070,5985604,3064868021,3.0649,4.2142,3.0646,140,0,0.008,0.008,True,63.35,0.01,39.751,0.003,0.9,144,107.9,0.0,0,False,False,,,,,,,,,,,,,,,,0,128,,0,0,0,False,,,,,,,,0,0,53.0,52.0,60.2,3501,0,0,True,False,False
baseline,64,1,6000000,3.072,167,1,0.3003,0.43,1797958,1797856,102,1797856,0,5987243,5986904,3065468845,3.0655,4.215,3.0653,102,0,0.006,0.006,False,45.62,0.01,36.391,0.007,0.56,22,122.9,0.0,0,False,False,1797921,5987120,3.0654,37,-65,-0.004,0.002,1797865,0,0,0,0.0,-56,-0.003,-9,14067,128,,0,0,0,False,20.0,26.0,30.0,20.52,6.0,40.0,20.0,0,0,53.0,52.0,43.8,3501,0,0,True,False,False
p1_static,64,1,6000000,3.072,167,1,0.3003,0.425,1798122,1797390,732,1797390,0,5987003,5984565,3065345640,3.0653,4.2149,3.0641,732,0,0.041,0.041,False,76.78,0.01,15.146,0.01,0.6,20,122.3,0.0,0,False,False,1798117,5986986,3.0653,5,-727,-0.04,0.0,1797375,0,0,0,0.0,-742,-0.041,15,14073,128,,0,0,0,False,19.0,32.0,39.0,19.99,3.0,50.0,19.0,0,0,53.0,52.0,66.9,3495,0,0,True,False,False
hardcoded,64,1,6000000,3.072,167,1,0.3003,0.428,1797357,1797357,0,1797385,0,5985857,5985950,3064759049,3.0648,4.214,3.0648,-28,-28,-0.002,0.0,False,83.03,0.01,10.897,0.01,0.6,34,119.6,0.0,0,False,False,1797297,5985657,3.0647,60,88,0.005,0.003,1797317,0,0,0,0.0,20,0.001,68,14058,128,,0,0,0,False,20.0,32.0,39.0,20.3,4.0,45.0,20.0,0,0,54.0,52.0,71.0,3493,0,0,True,False,False
template,64,1,6000000,3.072,167,1,0.3003,0.428,1672963,928737,744226,928737,0,5571078,3092756,2852392085,2.8524,3.922,1.5835,744226,0,44.486,44.486,False,99.9,0.01,0.0,0.017,0.85,11089,352.1,0.0,0,True,False,928806,3092985,1.5836,744157,-69,-0.004,44.481,928740,0,0,0,0.0,-66,-0.004,-3,7267,128,,0,0,0,False,88.0,101.0,107.0,90.2,78.0,120.0,88.0,0,0,53.0,53.0,84.0,3498,0,0,True,False,False
modular,64,1,6000000,3.072,167,1,0.3003,0.421,1657155,630700,1026455,630700,0,5518477,2100288,2825460567,2.8255,3.885,1.0753,1026455,0,61.941,61.941,False,99.9,0.01,0.0,0.017,1.06,11730,365.2,0.0,0,True,False,630608,2099982,1.0752,1026547,92,0.006,61.946,630714,0,0,0,0.0,106,0.006,-14,4935,128,,0,0,0,False,138.0,143.0,151.0,138.72,126.0,172.0,138.0,0,0,54.0,53.0,84.9,3499,0,0,True,False,False
rxonly,64,1,7000000,3.584,143,1,0.3002,0.422,2098858,2098647,211,2098647,2098613,6990849,6990147,3579315131,3.5793,4.9216,3.579,211,0,0.01,0.01,True,59.91,0.01,42.364,0.0,0.68,373,112.3,0.0,0,False,False,,,,,,,,,,,,,,,,0,128,,0,0,0,False,,,,,,,,0,0,53.0,52.0,58.2,3500,0,0,True,False,False
baseline,64,1,7000000,3.584,143,1,0.3003,0.421,2096682,2096682,0,2096733,0,6981814,6981983,3574688809,3.5747,4.9152,3.5748,-51,-51,-0.002,0.0,False,50.91,0.01,35.094,0.0,0.33,1170,139.7,0.0,0,False,False,2096534,6981321,3.5744,148,199,0.009,0.007,2096806,0,0,0,0.0,272,0.013,-73,16403,128,,0,0,0,False,18.0,25.0,34.0,18.57,4.0,97.0,18.0,0,0,53.0,52.0,49.3,3499,0,0,True,False,False
p1_static,64,1,7000000,3.584,143,1,0.3003,0.428,2081638,2081526,112,2081526,0,6932133,6931760,3549252189,3.5493,4.8802,3.5491,112,0,0.005,0.005,False,87.49,0.01,8.432,0.017,0.36,1514,149.9,0.0,0,False,False,2081370,6931240,3.5488,268,156,0.007,0.013,2081558,0,0,0,0.0,188,0.009,-32,16286,128,,0,0,0,False,17.0,30.0,38.0,18.5,4.0,61.0,17.0,0,0,53.0,53.0,74.7,3500,0,0,True,False,False
hardcoded,64,1,7000000,3.584,143,1,0.3004,0.426,2087664,2086607,1057,2086607,0,6949350,6945832,3558067630,3.5581,4.8923,3.5563,1057,0,0.051,0.051,False,92.45,0.01,5.06,0.01,0.4,390,118.4,0.0,0,False,False,2086860,6946674,3.5567,804,-253,-0.012,0.039,2086503,0,0,0,0.0,-357,-0.017,104,16337,128,,0,0,0,False,17.0,30.0,38.0,17.95,4.0,63.0,17.0,0,0,54.0,53.0,78.8,3498,0,0,True,False,False
template,64,1,7000000,3.584,143,1,0.3003,0.424,1887051,904748,982303,904748,0,6283737,3012742,3217273618,3.2173,4.4238,1.5425,982303,0,52.055,52.055,False,99.89,0.0,0.0,0.01,0.54,15264,406.3,0.0,0,True,False,904736,3012702,1.5425,982315,12,0.001,52.056,904750,0,0,0,0.0,14,0.001,-2,7080,128,,0,0,0,False,88.0,104.0,108.0,89.19,74.0,117.0,88.0,0,0,53.0,53.0,84.5,3498,0,0,True,False,False
modular,64,1,7000000,3.584,143,1,0.3003,0.425,1904002,612312,1291690,612312,0,6340104,2038927,3246133481,3.2461,4.4634,1.0439,1291690,0,67.841,67.841,False,99.89,0.01,0.0,0.013,0.76,13321,369.9,0.0,0,True,False,612352,2039060,1.044,1291650,-40,-0.002,67.839,612302,0,0,0,0.0,-50,-0.003,10,4792,128,,0,0,0,False,145.0,154.0,158.0,146.45,121.0,210.0,145.0,0,0,54.0,53.0,84.2,3496,0,0,True,False,False
rxonly,64,1,8000000,4.096,125,1,0.3002,0.426,2398638,2398638,0,2398643,2398475,7989135,7989152,4090437298,4.0904,5.6244,4.0904,-5,-5,-0.0,0.0,True,58.73,0.01,40.638,0.003,0.53,960,118.8,0.0,0,False,False,,,,,,,,,,,,,,,,0,128,,0,0,0,False,,,,,,,,0,0,53.0,52.0,56.1,3497,0,0,True,False,False
baseline,64,1,8000000,4.096,125,1,0.3004,0.423,2381856,2381393,463,2381393,0,7929271,7927729,4059786809,4.0598,5.5822,4.059,463,0,0.019,0.019,False,55.57,0.01,34.552,0.0,0.2,2476,154.1,0.0,0,False,False,2381465,7927969,4.0591,391,-72,-0.003,0.016,2381412,0,0,0,0.0,-53,-0.002,-19,18637,128,,0,0,0,False,17.0,25.0,35.0,17.38,4.0,70.0,17.0,0,0,53.0,52.0,53.1,3499,0,0,True,False,False
p1_static,64,1,8000000,4.096,125,1,0.3005,0.432,2388045,2387578,467,2387578,0,7948210,7946656,4069483723,4.0695,5.5955,4.0687,467,0,0.02,0.02,False,99.61,0.0,0.286,0.01,0.21,1396,132.0,0.0,0,False,False,2386912,7944439,4.0676,1133,666,0.028,0.047,2387665,0,0,0,0.0,753,0.032,-87,18687,128,,0,0,0,False,11.0,21.0,38.0,13.02,4.0,79.0,11.0,0,0,54.0,52.0,82.2,3515,0,0,True,False,False
hardcoded,64,1,8000000,4.096,125,1,0.3002,0.429,2371357,2267657,103700,2267657,0,7898201,7552811,4043879117,4.0439,5.5603,3.867,103700,0,4.373,4.373,False,99.99,0.0,0.047,0.013,0.18,3983,212.6,0.0,0,False,False,2268491,7555588,3.8685,102866,-834,-0.035,4.338,2267562,0,0,0,0.0,-929,-0.039,95,17743,128,,0,0,0,False,38.0,42.0,45.0,37.66,7.0,70.0,38.0,0,0,54.0,52.0,83.4,3493,0,0,True,False,False
template,64,1,8000000,4.096,125,1,0.3003,0.423,2164148,887213,1276935,887213,0,7207295,2954699,3690135480,3.6901,5.0739,1.5128,1276935,0,59.004,59.004,False,99.91,0.0,0.0,0.01,0.32,22369,455.0,0.0,0,True,False,887232,2954762,1.5128,1276916,-19,-0.001,59.003,887220,0,0,0,0.0,-12,-0.001,-7,6943,128,,0,0,0,False,100.0,104.0,108.0,99.31,81.0,138.0,100.0,0,0,54.0,52.0,84.9,3498,0,0,True,False,False
modular,64,1,8000000,4.096,125,1,0.3002,0.421,2143537,603864,1539673,603864,0,7139466,2011286,3655406888,3.6554,5.0262,1.0298,1539673,0,71.829,71.829,False,99.92,0.01,0.0,0.013,0.53,19333,388.7,0.0,0,True,False,603877,2011329,1.0298,1539660,-13,-0.001,71.828,603870,0,0,0,0.0,-7,-0.0,-6,4726,128,,0,0,0,False,148.0,154.0,162.0,148.88,126.0,211.0,148.0,0,0,54.0,52.0,84.8,3494,0,0,True,False,False
modular,64,2,500000,0.256,2000,1,0.3003,0.425,150134,150122,12,150122,0,500026,499986,256013412,0.256,0.352,0.256,12,0,0.008,0.008,False,36.05,0.02,66.877,0.0,33.25,0,78.4,0.0,0,False,False,150128,500006,0.256,6,-6,-0.004,0.004,150122,0,0,0,0.0,-6,-0.004,0,18789,8,,0,0,0,False,20.0,25.0,29.0,20.18,11.0,57.0,20.0,0,0,53.0,52.0,41.7,3496,0,0,True,False,False
template,64,2,500000,0.256,2000,1,0.3002,0.423,150144,150108,36,150108,0,500067,499947,256034557,0.256,0.352,0.256,36,0,0.024,0.024,False,27.17,0.01,68.57,0.0,34.11,0,80.5,0.0,0,False,False,150142,500060,0.256,2,-34,-0.023,0.001,150100,0,0,0,0.0,-42,-0.028,8,18788,8,,0,0,0,False,19.0,24.0,26.0,18.99,8.0,54.0,19.0,0,0,53.0,52.0,34.6,3495,0,0,True,False,False
hardcoded,64,2,500000,0.256,2000,1,0.3003,0.423,150176,150117,59,150117,0,500097,499900,256049677,0.256,0.3521,0.2559,59,0,0.039,0.039,False,16.71,0.01,67.784,0.0,33.71,0,83.3,0.0,0,False,False,150166,500063,0.256,10,-49,-0.033,0.007,150113,0,0,0,0.0,-53,-0.035,4,18798,8,,0,0,0,False,18.0,23.0,24.0,17.73,8.0,43.0,18.0,0,0,53.0,51.0,25.7,3495,0,0,True,False,False
p1_static,64,2,500000,0.256,2000,1,0.3003,0.421,150157,150140,17,150140,0,500016,499959,256008368,0.256,0.352,0.256,17,0,0.011,0.011,False,16.47,0.02,69.693,0.0,34.69,0,78.4,0.0,0,False,False,150156,500013,0.256,1,-16,-0.011,0.001,150141,0,0,0,0.0,-15,-0.01,-1,18797,8,,0,0,0,False,17.0,22.0,24.0,17.34,8.0,51.0,17.0,0,0,53.0,51.0,26.0,3500,0,0,True,False,False
baseline,64,2,500000,0.256,2000,1,0.3003,0.423,150144,150104,40,150104,0,500061,499928,256031392,0.256,0.352,0.256,40,0,0.027,0.027,False,13.15,0.01,68.093,0.0,33.86,0,83.8,0.0,0,False,False,150139,500044,0.256,5,-35,-0.023,0.003,150109,0,0,0,0.0,-30,-0.02,-5,18789,8,,0,0,0,False,16.0,22.0,23.0,16.53,7.0,45.0,16.0,0,0,53.0,52.0,22.6,3498,0,0,True,False,False
rxonly,64,2,500000,0.256,2000,1,0.3002,0.422,150129,150111,18,150111,150112,500040,499980,256020933,0.256,0.352,0.256,18,0,0.012,0.012,True,19.07,0.01,70.419,0.0,35.05,0,76.6,0.0,0,False,False,,,,,,,,,,,,,,,,0,8,,0,0,0,False,,,,,,,,0,0,53.0,52.0,26.3,3498,0,0,True,False,False
modular,64,2,1000000,0.512,1000,1,0.3002,0.429,300263,300176,87,300176,0,1000155,999865,512079565,0.5121,0.7041,0.5119,87,0,0.029,0.029,False,52.47,0.01,38.352,0.0,14.37,0,83.6,0.0,0,False,False,300249,1000108,0.5121,14,-73,-0.024,0.005,300149,0,0,0,0.0,-100,-0.033,27,18786,16,,0,0,0,False,34.0,49.0,54.0,34.7,13.0,82.0,34.0,0,0,53.0,51.0,49.8,3498,0,0,True,False,False
template,64,2,1000000,0.512,1000,1,0.3003,0.429,300294,300230,64,300230,0,1000111,999897,512056834,0.5121,0.7041,0.5119,64,0,0.021,0.021,False,39.29,0.01,42.779,0.0,13.73,1,90.6,0.0,0,False,False,300278,1000057,0.512,16,-48,-0.016,0.005,300225,0,0,0,0.0,-53,-0.018,5,18789,16,,0,0,0,False,26.0,36.0,39.0,26.31,11.0,71.0,26.0,0,0,53.0,51.0,39.9,3498,0,0,True,False,False
hardcoded,64,2,1000000,0.512,1000,1,0.3003,0.421,300362,300257,105,300257,0,1000215,999865,512110411,0.5121,0.7042,0.5119,105,0,0.035,0.035,False,21.78,0.01,56.85,0.0,13.56,0,95.6,0.0,0,False,False,300352,1000182,0.5121,10,-95,-0.032,0.003,300256,0,0,0,0.0,-96,-0.032,1,18798,16,,0,0,0,False,22.0,27.0,29.0,21.76,12.0,50.0,22.0,0,0,53.0,51.0,28.2,3498,0,0,True,False,False
p1_static,64,2,1000000,0.512,1000,1,0.3003,0.419,300352,300302,50,300302,0,1000073,999907,512037753,0.512,0.7041,0.512,50,0,0.017,0.017,False,20.93,0.02,56.957,0.0,13.59,0,94.5,0.0,0,False,False,300334,1000013,0.512,18,-32,-0.011,0.006,300315,0,0,0,0.0,-19,-0.006,-13,18802,16,,0,0,0,False,22.0,27.0,29.0,21.77,12.0,50.0,22.0,0,0,53.0,51.0,27.7,3497,0,0,True,False,False
baseline,64,2,1000000,0.512,1000,1,0.3002,0.423,300259,300202,57,300202,0,1000068,999878,512035166,0.512,0.704,0.5119,57,0,0.019,0.019,False,15.21,0.02,55.0,0.0,13.08,0,96.8,0.0,0,False,False,300245,1000022,0.512,14,-43,-0.014,0.005,300203,0,0,0,0.0,-42,-0.014,-1,18788,16,,0,0,0,False,21.0,26.0,29.0,21.36,11.0,49.0,21.0,0,0,53.0,52.0,22.2,3497,0,0,True,False,False
rxonly,64,2,1000000,0.512,1000,1,0.3003,0.427,300253,300253,0,300266,300273,999974,1000018,511987111,0.512,0.704,0.512,-13,-13,-0.004,0.0,True,33.06,0.02,62.006,0.0,14.87,0,94.3,0.0,0,False,False,,,,,,,,,,,,,,,,0,16,,0,0,0,False,,,,,,,,0,0,53.0,52.0,37.3,3499,0,0,True,False,False
modular,64,2,1500000,0.768,667,1,0.3003,0.425,450178,450149,29,450149,0,1499161,1499064,767570722,0.7676,1.0554,0.7675,29,0,0.006,0.006,False,75.18,0.01,16.011,0.007,8.16,2,94.0,0.0,0,False,False,450133,1499011,0.7675,45,16,0.004,0.01,450170,0,0,0,0.0,37,0.008,-21,14088,32,,0,0,0,False,39.0,60.0,70.0,40.55,11.0,79.0,39.0,0,0,53.0,52.0,65.8,3497,0,0,True,False,False
template,64,2,1500000,0.768,667,1,0.3003,0.429,450109,450072,37,450072,0,1499070,1498946,767523911,0.7675,1.0553,0.7675,37,0,0.008,0.008,False,54.04,0.0,18.058,0.007,7.26,4,107.2,0.0,0,False,False,450077,1498963,0.7675,32,-5,-0.001,0.007,450083,0,0,0,0.0,6,0.001,-11,14084,32,,0,0,0,False,44.0,59.0,67.0,44.3,12.0,81.0,44.0,0,0,53.0,52.0,48.7,3495,0,0,True,False,False
hardcoded,64,2,1500000,0.768,667,1,0.3003,0.427,450252,450242,10,450242,0,1499230,1499197,767606130,0.7676,1.0555,0.7676,10,0,0.002,0.002,False,26.88,0.01,48.648,0.0,7.31,2,111.2,0.0,0,False,False,450239,1499187,0.7676,13,3,0.001,0.003,450228,0,0,0,0.0,-11,-0.002,14,14092,32,,0,0,0,False,26.0,33.0,39.0,26.73,10.0,58.0,26.0,0,0,53.0,51.0,30.8,3498,0,0,True,False,False
p1_static,64,2,1500000,0.768,667,1,0.3005,0.431,450429,450429,0,450599,0,1498883,1499448,767428203,0.7674,1.0552,0.7677,-170,-170,-0.038,0.0,False,24.75,0.01,46.251,0.0,6.9,2,112.4,0.0,0,False,False,450429,1498883,0.7674,0,170,0.038,0.0,450632,0,0,0,0.0,203,0.045,-33,14110,32,,0,0,0,False,27.0,33.0,35.0,26.93,11.0,49.0,27.0,0,0,53.0,51.0,28.2,3498,0,0,True,False,False
baseline,64,2,1500000,0.768,667,1,0.3003,0.417,450139,450139,0,450178,0,1499127,1499257,767553408,0.7676,1.0554,0.7676,-39,-39,-0.009,0.0,False,17.51,0.01,47.401,0.0,7.1,1,114.2,0.0,0,False,False,450127,1499087,0.7675,12,51,0.011,0.003,450176,0,0,0,0.0,49,0.011,2,14086,32,,0,0,0,False,25.0,30.0,33.0,25.11,13.0,47.0,25.0,0,0,53.0,51.0,23.6,3497,0,0,True,False,False
rxonly,64,2,1500000,0.768,667,1,0.3013,0.428,450058,450058,0,453143,453134,1493965,1504206,764910368,0.7649,1.0518,0.7702,-3085,-3085,-0.685,0.0,True,47.77,0.01,49.617,0.0,7.5,4,112.8,0.0,0,False,False,,,,,,,,,,,,,,,,0,32,,0,0,0,False,,,,,,,,0,0,53.0,51.0,48.3,3498,0,0,True,False,False
modular,64,2,2000000,1.024,500,1,0.3003,0.421,600530,596523,4007,596523,0,1999902,1986557,1023949831,1.0239,1.4079,1.0171,4007,0,0.667,0.667,False,99.77,0.01,0.306,0.013,4.45,5,116.5,0.0,0,False,False,596528,1986574,1.0171,4002,-5,-0.001,0.666,596502,0,0,0,0.0,-26,-0.004,21,18666,32,,0,0,0,False,43.0,147.0,160.0,71.5,12.0,215.0,43.0,0,0,53.0,53.0,84.5,3501,0,0,True,False,False
template,64,2,2000000,1.024,500,1,0.3003,0.421,600503,600503,0,600564,0,1999849,2000052,1023923080,1.0239,1.4079,1.024,-61,-61,-0.01,0.0,False,68.23,0.01,16.049,0.007,4.78,2,113.7,0.0,0,False,False,600459,1999703,1.0238,44,105,0.017,0.007,600594,0,0,0,0.0,135,0.022,-30,18791,32,,0,0,0,False,37.0,53.0,61.0,37.25,10.0,68.0,37.0,0,0,53.0,53.0,61.0,3498,0,0,True,False,False
hardcoded,64,2,2000000,1.024,500,1,0.3003,0.432,600721,600507,214,600507,0,2000165,1999452,1024084706,1.0241,1.4081,1.0237,214,0,0.036,0.036,False,30.43,0.0,24.116,0.0,4.84,3,113.3,0.0,0,False,False,600692,2000068,1.024,29,-185,-0.031,0.005,600511,0,0,0,0.0,-181,-0.03,-4,18806,32,,0,0,0,False,35.0,45.0,48.0,35.52,10.0,64.0,35.0,0,0,53.0,51.0,30.0,3498,0,0,True,False,False
p1_static,64,2,2000000,1.024,500,1,0.3003,0.423,600630,600445,185,600445,0,2000046,1999430,1024023717,1.024,1.408,1.0237,185,0,0.031,0.031,False,27.96,0.01,25.174,0.0,4.87,3,116.6,0.0,0,False,False,600637,2000069,1.024,-7,-192,-0.032,-0.001,600466,0,0,0,0.0,-171,-0.028,-21,18799,32,,0,0,0,False,35.0,44.0,47.0,35.21,11.0,63.0,35.0,0,0,53.0,51.0,28.4,3503,0,0,True,False,False
baseline,64,2,2000000,1.024,500,1,0.3003,0.423,600458,600458,0,600559,0,1999568,1999905,1023779315,1.0238,1.4077,1.024,-101,-101,-0.017,0.0,False,20.14,0.01,41.526,0.0,4.32,3,125.9,0.0,0,False,False,600449,1999539,1.0238,9,110,0.018,0.001,600619,0,0,0,0.0,170,0.028,-60,18791,32,,0,0,0,False,29.0,35.0,38.0,28.49,10.0,49.0,29.0,0,0,53.0,51.0,24.1,3496,0,0,True,False,False
rxonly,64,2,2000000,1.024,500,1,0.3004,0.429,600626,600626,0,600816,600819,1999742,2000374,1023867968,1.0239,1.4078,1.0242,-190,-190,-0.032,0.0,True,53.37,0.01,46.938,0.0,5.01,4,118.6,0.0,0,False,False,,,,,,,,,,,,,,,,0,32,,0,0,0,False,,,,,,,,0,0,53.0,51.0,51.9,3500,0,0,True,False,False
modular,64,2,2500000,1.28,400,1,0.3003,0.424,750728,625467,125261,625467,0,2500010,2082876,1280005330,1.28,1.76,1.0664,125261,0,16.685,16.685,False,99.9,0.0,0.0,0.01,3.73,4,203.2,0.0,0,False,False,625527,2083076,1.0665,125201,-60,-0.008,16.677,625441,0,0,0,0.0,-86,-0.011,26,9790,64,,0,0,0,False,134.0,143.0,149.0,133.38,113.0,166.0,134.0,0,0,53.0,52.0,84.5,3498,0,0,True,False,False
template,64,2,2500000,1.28,400,1,0.3003,0.422,750654,750607,47,750607,0,2499798,2499642,1279896962,1.2799,1.7599,1.2798,47,0,0.006,0.006,False,83.54,0.01,9.741,0.013,3.11,5,118.4,0.0,0,False,False,750654,2499798,1.2799,0,-47,-0.006,0.0,750629,0,0,0,0.0,-25,-0.003,-22,11744,64,,0,0,0,False,32.0,47.0,56.0,32.02,8.0,83.0,32.0,0,0,53.0,52.0,72.2,3498,0,0,True,False,False
hardcoded,64,2,2500000,1.28,400,1,0.3004,0.423,750847,750847,0,750960,0,2499589,2499965,1279789842,1.2798,1.7597,1.28,-113,-113,-0.015,0.0,False,35.06,0.01,21.149,0.003,3.15,3,119.1,0.0,0,False,False,750840,2499566,1.2798,7,120,0.016,0.001,750989,0,0,0,0.0,149,0.02,-29,11754,64,,0,0,0,False,40.0,49.0,52.0,39.95,12.0,76.0,40.0,0,0,53.0,51.0,33.9,3497,0,0,True,False,False
p1_static,64,2,2500000,1.28,400,1,0.3003,0.423,750773,750633,140,750633,0,2500067,2499601,1280034798,1.28,1.76,1.2798,140,0,0.019,0.019,False,32.7,0.01,20.673,0.0,3.14,3,123.8,0.0,0,False,False,750711,2499861,1.2799,62,-78,-0.01,0.008,750667,0,0,0,0.0,-44,-0.006,-34,11749,64,,0,0,0,False,41.0,49.0,52.0,40.87,16.0,62.0,41.0,0,0,53.0,51.0,31.8,3499,0,0,True,False,False
baseline,64,2,2500000,1.28,400,1,0.3003,0.423,750611,750478,133,750478,0,2499950,2499507,1279974540,1.28,1.76,1.2797,133,0,0.018,0.018,False,23.02,0.01,43.394,0.0,3.45,3,118.9,0.0,0,False,False,750573,2499823,1.2799,38,-95,-0.013,0.005,750560,0,0,0,0.0,-13,-0.002,-82,11743,64,,0,0,0,False,29.0,39.0,43.0,28.92,8.0,59.0,29.0,0,0,53.0,51.0,27.0,3498,0,0,True,False,False
rxonly,64,2,2500000,1.28,400,1,0.3002,0.432,750484,750396,88,750396,750371,2499714,2499421,1279853745,1.2799,1.7598,1.2797,88,0,0.012,0.012,True,59.23,0.01,42.401,0.0,3.34,6,123.3,0.0,0,False,False,,,,,,,,,,,,,,,,0,64,,0,0,0,False,,,,,,,,0,0,53.0,51.0,56.4,3498,0,0,True,False,False
modular,64,2,3000000,1.536,333,1,0.3003,0.427,901538,591539,309999,591539,0,3002001,1969745,1537024654,1.537,2.1134,1.0085,309999,0,34.386,34.386,False,99.89,0.01,0.0,0.017,3.0,185,377.9,0.0,0,False,False,591392,1969256,1.0083,310146,147,0.016,34.402,591549,0,0,0,0.0,157,0.017,-10,9259,64,,0,0,0,False,142.0,150.0,156.0,141.29,105.0,177.0,142.0,0,0,53.0,52.0,83.8,3494,0,0,True,False,False
template,64,2,3000000,1.536,333,1,0.3003,0.43,901421,901297,124,901297,0,3001925,3001512,1536986001,1.537,2.1134,1.5368,124,0,0.014,0.014,False,98.48,0.01,0.876,0.013,2.1,10,120.4,0.0,0,False,False,901307,3001546,1.5368,114,-10,-0.001,0.013,901303,0,0,0,0.0,-4,-0.0,-6,14100,64,,0,0,0,False,31.0,49.0,81.0,33.17,9.0,118.0,31.0,0,0,53.0,52.0,81.9,3500,0,0,True,False,False
hardcoded,64,2,3000000,1.536,333,1,0.3004,0.433,901752,901642,110,901642,0,3002311,3001945,1537183525,1.5372,2.1136,1.537,110,0,0.012,0.012,False,41.2,0.0,20.17,0.0,2.41,6,119.6,0.0,0,False,False,901774,3002384,1.5372,-22,-132,-0.015,-0.002,901597,0,0,0,0.0,-177,-0.02,45,14113,64,,0,0,0,False,36.0,45.0,48.0,35.88,11.0,58.0,36.0,0,0,53.0,52.0,37.9,3496,0,0,True,False,False
p1_static,64,2,3000000,1.536,333,1,0.3003,0.437,902037,901690,347,901690,0,3003374,3002219,1537727786,1.5377,2.1144,1.5371,347,0,0.038,0.038,False,38.58,0.0,21.046,0.003,2.48,7,118.4,0.0,0,False,False,901993,3003228,1.5377,44,-303,-0.034,0.005,901736,0,0,0,0.0,-257,-0.028,-46,14118,64,,0,0,0,False,36.0,45.0,49.0,36.07,9.0,61.0,36.0,0,0,53.0,52.0,35.4,3498,0,0,True,False,False
baseline,64,2,3000000,1.536,333,1,0.3003,0.423,901636,901567,69,901567,0,3002813,3002583,1537440660,1.5374,2.114,1.5373,69,0,0.008,0.008,False,26.26,0.01,39.196,0.0,2.34,6,122.9,0.0,0,False,False,901624,3002773,1.5374,12,-57,-0.006,0.001,901578,0,0,0,0.0,-46,-0.005,-11,14107,64,,0,0,0,False,27.0,35.0,40.0,27.16,10.0,49.0,27.0,0,0,53.0,51.0,28.9,3499,0,0,True,False,False
rxonly,64,2,3000000,1.536,333,1,0.3002,0.425,901467,901467,0,901478,901494,3002420,3002457,1537239241,1.5372,2.1137,1.5373,-11,-11,-0.001,0.0,True,60.29,0.01,42.392,0.0,2.62,10,124.8,0.0,0,False,False,,,,,,,,,,,,,,,,0,64,,0,0,0,False,,,,,,,,0,0,53.0,51.0,58.4,3497,0,0,True,False,False
modular,64,2,3500000,1.792,286,1,0.3003,0.424,1041432,584896,456536,584896,0,3468112,1947784,1775673808,1.7757,2.4416,0.9973,456536,0,43.837,43.837,False,99.9,0.0,0.0,0.01,2.42,4724,449.7,0.0,0,False,False,584874,1947711,0.9972,456558,22,0.002,43.839,584906,0,0,0,0.0,32,0.003,-10,9156,64,,0,0,0,False,147.0,153.0,159.0,146.91,114.0,186.0,147.0,0,0,53.0,52.0,84.3,3498,0,0,True,False,False
template,64,2,3500000,1.792,286,1,0.3003,0.425,1048640,923122,125518,923122,0,3492102,3074111,1787956523,1.788,2.4584,1.5739,125518,0,11.97,11.97,False,99.9,0.0,0.0,0.01,2.04,957,249.3,0.0,0,False,False,923107,3074061,1.5739,125533,15,0.001,11.971,923142,0,0,0,0.0,35,0.003,-20,14447,64,,0,0,0,False,96.0,106.0,112.0,96.67,77.0,133.0,96.0,0,0,53.0,52.0,84.3,3499,0,0,True,False,False
hardcoded,64,2,3500000,1.792,286,1,0.3003,0.423,1049891,1049670,221,1049670,0,3495865,3495129,1789883139,1.7899,2.4611,1.7895,221,0,0.021,0.021,False,46.88,0.01,18.796,0.0,1.66,8,118.4,0.0,0,False,False,1049817,3495619,1.7898,74,-147,-0.014,0.007,1049613,0,0,0,0.0,-204,-0.019,57,16431,64,,0,0,0,False,36.0,45.0,49.0,35.88,8.0,57.0,36.0,0,0,53.0,52.0,43.6,3498,0,0,True,False,False
p1_static,64,2,3500000,1.792,286,1,0.3003,0.421,1049928,1049799,129,1049799,0,3495804,3495374,1789851693,1.7899,2.461,1.7896,129,0,0.012,0.012,False,44.44,0.0,21.556,0.0,1.88,6,111.7,0.0,0,False,False,1049872,3495617,1.7898,56,-73,-0.007,0.005,1049815,0,0,0,0.0,-57,-0.005,-16,16432,64,,0,0,0,False,32.0,42.0,46.0,32.47,8.0,54.0,32.0,0,0,53.0,52.0,42.0,3499,0,0,True,False,False
baseline,64,2,3500000,1.792,286,1,0.3003,0.421,1049570,1049570,0,1049574,0,3495617,3495630,1789756071,1.7898,2.4609,1.7898,-4,-4,-0.0,0.0,False,29.58,0.01,38.617,0.0,1.83,7,117.7,0.0,0,False,False,1049559,3495580,1.7897,11,15,0.001,0.001,1049496,0,0,0,0.0,-63,-0.006,78,16420,64,,0,0,0,False,26.0,34.0,38.0,26.02,8.0,46.0,26.0,0,0,53.0,51.0,31.9,3499,0,0,True,False,False
rxonly,64,2,3500000,1.792,286,1,0.3003,0.425,1049723,1049693,30,1049693,1049680,3495681,3495581,1789788756,1.7898,2.461,1.7897,30,0,0.003,0.003,True,64.09,0.01,41.21,0.007,2.02,18,127.3,0.0,0,False,False,,,,,,,,,,,,,,,,0,64,,0,0,0,False,,,,,,,,0,0,53.0,51.0,60.2,3500,0,0,True,False,False
modular,64,2,4000000,2.048,250,1,0.3003,0.423,1167982,623171,544811,623171,0,3889567,2075259,1991458451,1.9915,2.7383,1.0625,544811,0,46.645,46.645,False,99.9,0.01,0.0,0.017,2.08,9122,479.4,0.0,0,False,False,623232,2075462,1.0626,544750,-61,-0.005,46.64,623167,0,0,0,0.0,-65,-0.006,4,9754,64,,0,0,0,False,140.0,147.0,152.0,141.0,129.0,171.0,140.0,0,0,53.0,52.0,84.5,3497,0,0,True,False,False
template,64,2,4000000,2.048,250,1,0.3002,0.424,1183969,913005,270964,913005,0,3943635,3041092,2019141607,2.0191,2.7763,1.557,270964,0,22.886,22.886,False,99.92,0.0,0.0,0.013,1.6,5937,409.9,0.0,0,False,False,913150,3041575,1.5573,270819,-145,-0.012,22.874,912999,0,0,0,0.0,-151,-0.013,6,14284,64,,0,0,0,False,94.0,99.0,105.0,93.15,75.0,124.0,94.0,0,0,53.0,52.0,84.4,3498,0,0,True,False,False
hardcoded,64,2,4000000,2.048,250,1,0.3003,0.425,1201090,1200998,92,1200998,0,3999193,3998887,2047587226,2.0476,2.8154,2.0474,92,0,0.008,0.008,False,53.82,0.01,20.957,0.003,1.47,13,109.8,0.0,0,False,False,1201025,3998977,2.0475,65,-27,-0.002,0.005,1200967,0,0,0,0.0,-58,-0.005,31,18796,64,,0,0,0,False,30.0,40.0,45.0,30.28,7.0,71.0,30.0,0,0,53.0,52.0,49.3,3499,0,0,True,False,False
p1_static,64,2,4000000,2.048,250,1,0.3004,0.419,1201350,1201209,141,1201209,0,3999432,3998963,2047709500,2.0477,2.8156,2.0475,141,0,0.012,0.012,False,49.85,0.01,19.988,0.003,1.42,10,109.6,0.0,0,False,False,1201369,3999495,2.0477,-19,-160,-0.013,-0.002,1201333,0,0,0,0.0,-36,-0.003,-124,18805,64,,0,0,0,False,32.0,41.0,46.0,31.91,7.0,58.0,32.0,0,0,53.0,52.0,46.3,3494,0,0,True,False,False
baseline,64,2,4000000,2.048,250,1,0.3003,0.423,1200901,1200901,0,1200996,0,3999374,3999690,2047679498,2.0477,2.8156,2.0478,-95,-95,-0.008,0.0,False,33.27,0.01,34.985,0.003,1.24,10,119.9,0.0,0,False,False,1200895,3999354,2.0477,6,101,0.008,0.0,1201060,0,0,0,0.0,165,0.014,-64,18790,64,,0,0,0,False,26.0,34.0,37.0,25.89,7.0,57.0,26.0,0,0,53.0,52.0,34.1,3497,0,0,True,False,False
rxonly,64,2,4000000,2.048,250,1,0.3002,0.439,1200991,1200677,314,1200677,1200670,4000042,3998996,2048021602,2.048,2.816,2.0475,314,0,0.026,0.026,True,64.63,0.01,41.293,0.003,1.65,18,116.8,0.0,0,False,False,,,,,,,,,,,,,,,,0,64,,0,0,0,False,,,,,,,,0,0,53.0,52.0,59.6,3496,0,0,True,False,False
modular,64,2,5000000,2.56,200,1,0.3003,0.421,1422516,609258,813258,609258,0,4737426,2029021,2425562296,2.4256,3.3351,1.0389,813258,0,57.17,57.17,False,100.24,0.0,0.0,0.01,1.53,9562,357.7,0.0,0,True,False,609329,2029257,1.039,813187,-71,-0.005,57.165,609246,0,0,0,0.0,-83,-0.006,12,4769,128,,0,0,0,False,141.0,149.0,156.0,141.47,124.0,176.0,141.0,0,0,53.0,52.0,85.1,3501,0,0,True,False,False
template,64,2,5000000,2.56,200,1,0.3003,0.424,1442277,905065,537212,905065,0,4802621,3013765,2458942295,2.4589,3.381,1.543,537212,0,37.247,37.247,False,100.22,0.01,0.0,0.017,1.17,9182,392.4,0.0,0,False,False,904944,3013362,1.5428,537333,121,0.008,37.256,905079,0,0,0,0.0,135,0.009,-14,7082,128,,0,0,0,False,96.0,101.0,106.0,94.32,75.0,120.0,96.0,0,0,53.0,52.0,84.4,3500,0,0,True,False,False
hardcoded,64,2,5000000,2.56,200,1,0.3004,0.431,1501129,1501129,0,1501311,0,4997179,4997785,2558555903,2.5586,3.518,2.5589,-182,-182,-0.012,0.0,False,66.98,0.01,20.922,0.007,0.95,18,106.8,0.0,0,False,False,1501110,4997116,2.5585,19,201,0.013,0.001,1501366,0,0,0,0.0,256,0.017,-55,11750,128,,0,0,0,False,23.0,36.0,42.0,23.42,4.0,50.0,23.0,0,0,53.0,52.0,59.4,3498,0,0,True,False,False
p1_static,64,2,5000000,2.56,200,1,0.3006,0.431,1502267,1502255,12,1502255,0,4997831,4997791,2558889482,2.5589,3.5185,2.5589,12,0,0.001,0.001,False,62.85,0.02,23.854,0.007,0.93,28,109.8,0.0,0,False,False,1502270,4997841,2.5589,-3,-15,-0.001,-0.0,1502130,0,0,0,0.0,-140,-0.009,125,11764,128,,0,0,0,False,23.0,35.0,42.0,23.38,5.0,53.0,23.0,0,0,53.0,52.0,56.1,3500,0,0,True,False,False
baseline,64,2,5000000,2.56,200,1,0.3003,0.426,1500771,1500578,193,1500578,0,4997942,4997300,2558946767,2.5589,3.5186,2.5586,193,0,0.013,0.013,False,39.63,0.01,35.767,0.0,0.83,61,118.2,0.0,0,False,False,1500685,4997656,2.5588,86,-107,-0.007,0.006,1500554,0,0,0,0.0,-131,-0.009,24,11740,128,,0,0,0,False,23.0,29.0,33.0,22.62,5.0,40.0,23.0,0,0,53.0,51.0,39.5,3497,0,0,True,False,False
rxonly,64,2,5000000,2.56,200,1,0.3004,0.433,1501148,1501148,0,1501711,1501720,4997607,4999481,2558774938,2.5588,3.5183,2.5597,-563,-563,-0.038,0.0,True,63.18,0.01,42.534,0.0,1.2,66,112.7,0.0,0,False,False,,,,,,,,,,,,,,,,0,128,,0,0,0,False,,,,,,,,0,0,53.0,51.0,59.1,3503,0,0,True,False,False
modular,64,2,6000000,3.072,167,1,0.3003,0.44,1680042,608944,1071098,608944,0,5594781,2027871,2864528044,2.8645,3.9387,1.0383,1071098,0,63.754,63.754,False,99.9,0.0,0.0,0.01,1.2,11553,354.3,0.0,0,True,False,609152,2028563,1.0386,1070890,-208,-0.012,63.742,608927,0,0,0,0.0,-225,-0.013,17,4768,128,,0,0,0,False,143.0,147.0,154.0,143.13,132.0,181.0,143.0,0,0,53.0,52.0,81.7,3500,0,0,True,False,False
template,64,2,6000000,3.072,167,1,0.3003,0.423,1640678,899083,741595,899083,0,5463321,2993871,2797220453,2.7972,3.8462,1.5329,741595,0,45.201,45.201,False,99.9,0.0,0.0,0.01,0.78,13128,437.7,0.0,0,True,False,899024,2993675,1.5328,741654,59,0.004,45.204,899088,0,0,0,0.0,64,0.004,-5,7035,128,,0,0,0,False,90.0,103.0,107.0,92.62,77.0,129.0,90.0,0,0,53.0,52.0,84.8,3499,0,0,True,False,False
hardcoded,64,2,6000000,3.072,167,1,0.3003,0.423,1798053,1797227,826,1797227,0,5986939,5984189,3065313000,3.0653,4.2148,3.0639,826,0,0.046,0.046,False,84.12,0.0,10.425,0.007,0.58,109,126.9,0.0,0,False,False,1797879,5986360,3.065,174,-652,-0.036,0.01,1797227,0,0,0,0.0,-652,-0.036,0,14069,128,,0,0,0,False,20.0,32.0,38.0,20.31,4.0,47.0,20.0,0,0,53.0,53.0,72.3,3500,0,0,True,False,False
p1_static,64,2,6000000,3.072,167,1,0.3004,0.42,1798276,1798276,0,1798727,0,5986406,5987907,3065040072,3.065,4.2144,3.0658,-451,-451,-0.025,0.0,False,74.08,0.01,16.432,0.007,0.64,27,107.1,0.0,0,False,False,1798159,5986016,3.0648,117,568,0.032,0.007,1798644,0,0,0,0.0,485,0.027,83,14075,128,,0,0,0,False,19.0,32.0,38.0,19.92,4.0,41.0,19.0,0,0,53.0,53.0,66.3,3501,0,0,True,False,False
baseline,64,2,6000000,3.072,167,1,0.3003,0.428,1797747,1797747,0,1797923,0,5986810,5987396,3065247099,3.0652,4.2147,3.0655,-176,-176,-0.01,0.0,False,46.16,0.01,35.48,0.007,0.53,25,124.6,0.0,0,False,False,1797778,5986913,3.0653,-31,145,0.008,-0.002,1797929,0,0,0,0.0,151,0.008,-6,14064,128,,0,0,0,False,20.0,26.0,30.0,20.41,6.0,41.0,20.0,0,0,53.0,51.0,44.6,3500,0,0,True,False,False
rxonly,64,2,6000000,3.072,167,1,0.3003,0.422,1797409,1797409,0,1797478,1797617,5986310,5986540,3064991112,3.065,4.2144,3.0651,-69,-69,-0.004,0.0,True,61.83,0.01,41.988,0.007,0.86,161,110.8,0.0,0,False,False,,,,,,,,,,,,,,,,0,128,,0,0,0,False,,,,,,,,0,0,53.0,51.0,59.8,3499,0,0,True,False,False
modular,64,2,7000000,3.584,143,1,0.3003,0.427,1929789,600940,1328849,600940,0,6427081,2001405,3290665618,3.2907,4.5247,1.0247,1328849,0,68.86,68.86,False,99.91,0.01,0.0,0.013,0.74,15872,415.6,0.0,0,True,False,600878,2001198,1.0246,1328911,62,0.003,68.863,600951,0,0,0,0.0,73,0.004,-11,4703,128,,0,0,0,False,147.0,151.0,156.0,145.4,115.0,178.0,147.0,0,0,53.0,52.0,83.9,3495,0,0,True,False,False
template,64,2,7000000,3.584,143,1,0.3003,0.427,1875806,925056,950750,925056,0,6246792,3080613,3198357544,3.1984,4.3977,1.5773,950750,0,50.685,50.685,False,99.9,0.0,0.0,0.01,0.51,15523,412.2,0.0,0,True,False,924992,3080399,1.5772,950814,64,0.003,50.688,925065,0,0,0,0.0,73,0.004,-9,7238,128,,0,0,0,False,88.0,96.0,109.0,89.39,77.0,123.0,88.0,0,0,53.0,52.0,83.7,3502,0,0,True,False,False
hardcoded,64,2,7000000,3.584,143,1,0.3003,0.429,2080500,2080439,61,2080439,0,6927268,6927065,3546761388,3.5468,4.8768,3.5467,61,0,0.003,0.003,False,94.18,0.0,3.862,0.007,0.34,1415,146.5,0.0,0,False,False,2079803,6924947,3.5456,697,636,0.031,0.034,2080532,0,0,0,0.0,729,0.035,-93,16277,128,,0,0,0,False,17.0,31.0,40.0,18.73,4.0,60.0,17.0,0,0,53.0,53.0,79.0,3498,0,0,True,False,False
p1_static,64,2,7000000,3.584,143,1,0.3004,0.427,2082811,2082811,0,2083347,0,6932940,6934724,3549665591,3.5497,4.8808,3.5506,-536,-536,-0.026,0.0,False,88.63,0.01,7.726,0.01,0.35,1760,161.1,0.0,0,False,False,2082528,6931998,3.5492,283,819,0.039,0.014,2083479,0,0,0,0.0,951,0.046,-132,16304,128,,0,0,0,False,18.0,31.0,38.0,19.0,4.0,60.0,18.0,0,0,53.0,53.0,75.6,3499,0,0,True,False,False
baseline,64,2,7000000,3.584,143,1,0.3003,0.421,2096467,2096383,84,2096383,0,6980819,6980539,3574179619,3.5742,4.9145,3.574,84,0,0.004,0.004,False,51.59,0.01,35.233,0.0,0.32,483,138.2,0.0,0,False,False,2096400,6980596,3.5741,67,-17,-0.001,0.003,2096320,0,0,0,0.0,-80,-0.004,63,16402,128,,0,0,0,False,18.0,24.0,32.0,18.22,4.0,47.0,18.0,0,0,53.0,52.0,50.4,3499,0,0,True,False,False
rxonly,64,2,7000000,3.584,143,1,0.3002,0.43,2099072,2098834,238,2098834,2098754,6991275,6990482,3579533078,3.5795,4.9219,3.5791,238,0,0.011,0.011,True,61.97,0.01,39.688,0.003,0.72,249,111.4,0.0,0,False,False,,,,,,,,,,,,,,,,0,128,,0,0,0,False,,,,,,,,0,0,53.0,52.0,58.4,3500,0,0,True,False,False
modular,64,2,8000000,4.096,125,1,0.3003,0.426,2163219,613801,1549418,613801,0,7203530,2043960,3688207433,3.6882,5.0713,1.0465,1549418,0,71.626,71.626,False,99.9,0.0,0.0,0.01,0.54,16394,358.3,0.0,0,True,False,613824,2044037,1.0465,1549395,-23,-0.001,71.625,613815,0,0,0,0.0,-9,-0.0,-14,4804,128,,0,0,0,False,145.0,152.0,164.0,145.7,122.0,179.0,145.0,0,0,53.0,52.0,84.2,3500,0,0,True,False,False
template,64,2,8000000,4.096,125,1,0.3003,0.423,2118120,879601,1238519,879601,0,7053491,2929134,3611387584,3.6114,4.9657,1.4997,1238519,0,58.473,58.473,False,99.9,0.0,0.0,0.01,0.28,27153,528.3,0.0,0,True,False,879552,2928971,1.4996,1238568,49,0.002,58.475,879612,0,0,0,0.0,60,0.003,-11,6884,128,,0,0,0,False,95.0,106.0,110.0,96.41,77.0,126.0,95.0,0,0,53.0,52.0,84.7,3498,0,0,True,False,False
hardcoded,64,2,8000000,4.096,125,1,0.3004,0.431,2375018,2291103,83915,2291103,0,7905922,7626587,4047832070,4.0478,5.5658,3.9048,83915,0,3.533,3.533,False,99.55,0.0,0.133,0.01,0.17,4872,199.6,0.0,0,False,False,2291829,7629003,3.906,83189,-726,-0.031,3.503,2290847,0,0,0,0.0,-982,-0.041,256,17939,128,,0,0,0,False,38.0,44.0,47.0,38.18,10.0,64.0,38.0,0,0,53.0,51.0,83.2,3494,0,0,True,False,False
p1_static,64,2,8000000,4.096,125,1,0.3003,0.429,2384479,2380568,3911,2380568,0,7939740,7926717,4065146905,4.0651,5.5896,4.0585,3911,0,0.164,0.164,False,99.13,0.0,0.413,0.01,0.18,2312,156.5,0.0,0,False,False,2380428,7926251,4.0582,4051,140,0.006,0.17,2380625,0,0,0,0.0,197,0.008,-57,18626,128,,0,0,0,False,13.0,33.0,42.0,16.64,3.0,73.0,13.0,0,0,53.0,51.0,82.9,3499,0,0,True,False,False
baseline,64,2,8000000,4.096,125,1,0.3004,0.433,2382119,2381765,354,2381765,0,7930952,7929773,4060647694,4.0606,5.5834,4.06,354,0,0.015,0.015,False,55.35,0.01,33.553,0.007,0.17,2460,173.7,0.0,0,False,False,2381431,7928661,4.0595,688,334,0.014,0.029,2381811,0,0,0,0.0,380,0.016,-46,18634,128,,0,0,0,False,17.0,25.0,35.0,17.6,4.0,59.0,17.0,0,0,53.0,52.0,51.5,3496,0,0,True,False,False
rxonly,64,2,8000000,4.096,125,1,0.3002,0.426,2400783,2400542,241,2400542,2400670,7996173,7995370,4094040774,4.094,5.6293,4.0936,241,0,0.01,0.01,True,59.41,0.01,42.699,0.007,0.56,1508,126.8,0.0,0,False,False,,,,,,,,,,,,,,,,0,128,,0,0,0,False,,,,,,,,0,0,53.0,52.0,57.3,3498,0,0,True,False,False
rxonly,64,3,500000,0.256,2000,1,0.3002,0.424,150125,150113,12,150113,150111,500034,499994,256017482,0.256,0.352,0.256,12,0,0.008,0.008,True,18.26,0.01,69.887,0.0,34.78,0,75.9,0.0,0,False,False,,,,,,,,,,,,,,,,0,8,,0,0,0,False,,,,,,,,0,0,53.0,51.0,26.0,3496,0,0,True,False,False
baseline,64,3,500000,0.256,2000,1,0.3003,0.421,150132,150118,14,150118,0,500017,499970,256008856,0.256,0.352,0.256,14,0,0.009,0.009,False,13.23,0.02,68.592,0.0,34.12,0,78.5,0.0,0,False,False,150126,499997,0.256,6,-8,-0.005,0.004,150126,0,0,0,0.0,0,0.0,-8,18788,8,,0,0,0,False,17.0,22.0,24.0,17.12,7.0,46.0,17.0,0,0,53.0,51.0,22.8,3493,0,0,True,False,False
p1_static,64,3,500000,0.256,2000,1,0.3003,0.427,150193,150138,55,150138,0,500081,499898,256041600,0.256,0.3521,0.2559,55,0,0.037,0.037,False,16.23,0.01,68.16,0.0,33.9,0,82.2,0.0,0,False,False,150181,500041,0.256,12,-43,-0.029,0.008,150129,0,0,0,0.0,-52,-0.035,9,18804,8,,0,0,0,False,18.0,23.0,24.0,17.52,8.0,39.0,18.0,0,0,53.0,51.0,25.1,3494,0,0,True,False,False
hardcoded,64,3,500000,0.256,2000,1,0.3003,0.423,150156,150133,23,150133,0,500017,499940,256008748,0.256,0.352,0.256,23,0,0.015,0.015,False,16.69,0.02,67.639,0.0,33.64,0,82.6,0.0,0,False,False,150146,499983,0.256,10,-13,-0.009,0.007,150142,0,0,0,0.0,-4,-0.003,-9,18797,8,,0,0,0,False,18.0,23.0,24.0,17.57,9.0,42.0,18.0,0,0,53.0,51.0,25.5,3500,0,0,True,False,False
template,64,3,500000,0.256,2000,1,0.3002,0.421,150110,150106,4,150106,0,500014,500001,256007426,0.256,0.352,0.256,4,0,0.003,0.003,False,27.23,0.01,67.612,0.0,33.63,0,80.1,0.0,0,False,False,150105,499997,0.256,5,1,0.001,0.003,150107,0,0,0,0.0,2,0.001,-1,18784,8,,0,0,0,False,18.0,24.0,26.0,18.56,7.0,52.0,18.0,0,0,53.0,51.0,34.6,3501,0,0,True,False,False
modular,64,3,500000,0.256,2000,1,0.3002,0.423,150129,150113,16,150113,0,500025,499971,256012895,0.256,0.352,0.256,16,0,0.011,0.011,False,35.84,0.02,66.889,0.003,33.33,0,81.6,0.0,0,False,False,150117,499985,0.256,12,-4,-0.003,0.008,150113,0,0,0,0.0,-4,-0.003,0,18786,8,,0,0,0,False,20.0,26.0,30.0,20.61,8.0,48.0,20.0,0,0,53.0,51.0,42.0,3493,0,0,True,False,False
rxonly,64,3,1000000,0.512,1000,1,0.3002,0.423,300197,300197,0,300214,300218,999988,1000045,511994253,0.512,0.704,0.512,-17,-17,-0.006,0.0,True,34.02,0.01,59.19,0.0,14.15,1,94.0,0.0,0,False,False,,,,,,,,,,,,,,,,0,16,,0,0,0,False,,,,,,,,0,0,53.0,51.0,37.6,3497,0,0,True,False,False
baseline,64,3,1000000,0.512,1000,1,0.3003,0.418,300261,300261,0,300268,0,999947,999971,511973255,0.512,0.704,0.512,-7,-7,-0.002,0.0,False,15.19,0.01,55.629,0.0,13.24,1,96.7,0.0,0,False,False,300227,999834,0.5119,34,41,0.014,0.011,300288,0,0,0,0.0,61,0.02,-20,18788,16,,0,0,0,False,21.0,26.0,28.0,20.81,11.0,58.0,21.0,0,0,53.0,51.0,22.4,3501,0,0,True,False,False
p1_static,64,3,1000000,0.512,1000,1,0.3004,0.432,300354,300354,0,300390,0,999971,1000091,511985573,0.512,0.704,0.512,-36,-36,-0.012,0.0,False,21.09,0.01,56.305,0.0,13.42,0,97.1,0.0,0,False,False,300348,999951,0.512,6,42,0.014,0.002,300404,0,0,0,0.0,56,0.019,-14,18806,16,,0,0,0,False,22.0,27.0,29.0,21.59,12.0,52.0,22.0,0,0,52.0,51.0,27.1,3399,0,0,True,False,False
hardcoded,64,3,1000000,0.512,1000,1,0.3003,0.427,300359,300346,13,300346,0,1000053,1000010,512027510,0.512,0.704,0.512,13,0,0.004,0.004,False,22.16,0.02,56.772,0.0,13.54,1,94.2,0.0,0,False,False,300354,1000037,0.512,5,-8,-0.003,0.002,300344,0,0,0,0.0,-10,-0.003,2,18802,16,,0,0,0,False,22.0,27.0,29.0,21.86,12.0,44.0,22.0,0,0,53.0,51.0,28.2,3398,0,0,True,False,False
template,64,3,1000000,0.512,1000,1,0.3003,0.427,300273,300273,0,300341,0,999880,1000106,511938607,0.5119,0.7039,0.5121,-68,-68,-0.023,0.0,False,39.71,0.01,42.679,0.0,13.29,0,93.5,0.0,0,False,False,300275,999886,0.5119,-2,66,0.022,-0.001,300348,0,0,0,0.0,73,0.024,-7,18794,16,,0,0,0,False,26.0,36.0,40.0,26.25,10.0,58.0,26.0,0,0,53.0,51.0,40.3,3399,0,0,True,False,False
modular,64,3,1000000,0.512,1000,1,0.3003,0.425,300261,300261,0,300285,0,999978,1000058,511988797,0.512,0.704,0.512,-24,-24,-0.008,0.0,False,56.25,0.01,31.442,0.0,13.78,0,88.8,0.0,0,False,False,300241,999911,0.512,20,44,0.015,0.007,300293,0,0,0,0.0,52,0.017,-8,18790,16,,0,0,0,False,37.0,53.0,64.0,37.48,12.0,86.0,37.0,0,0,53.0,51.0,52.2,3398,0,0,True,False,False
rxonly,64,3,1500000,0.768,667,1,0.3002,0.423,450130,450098,32,450098,450120,1499228,1499121,767604998,0.7676,1.0555,0.7676,32,0,0.007,0.007,True,47.11,0.01,50.409,0.0,7.61,3,111.5,0.0,0,False,False,,,,,,,,,,,,,,,,0,32,,0,0,0,False,,,,,,,,0,0,52.0,51.0,48.3,3396,0,0,True,False,False
baseline,64,3,1500000,0.768,667,1,0.3002,0.42,450109,450089,20,450089,0,1499141,1499075,767560605,0.7676,1.0554,0.7675,20,0,0.004,0.004,False,17.6,0.01,46.172,0.0,6.89,2,114.7,0.0,0,False,False,450084,1499058,0.7675,25,5,0.001,0.006,450094,0,0,0,0.0,10,0.002,-5,14082,32,,0,0,0,False,25.0,31.0,34.0,25.48,13.0,64.0,25.0,0,0,52.0,51.0,23.4,3400,0,0,True,False,False
p1_static,64,3,1500000,0.768,667,1,0.3004,0.419,450346,450330,16,450330,0,1499264,1499211,767623518,0.7676,1.0555,0.7676,16,0,0.004,0.004,False,25.73,0.01,48.289,0.0,7.25,3,108.7,0.0,0,False,False,450341,1499248,0.7676,5,-11,-0.002,0.001,450338,0,0,0,0.0,-3,-0.001,-8,14097,32,,0,0,0,False,27.0,33.0,36.0,26.92,10.0,56.0,27.0,0,0,52.0,51.0,30.9,3399,0,0,True,False,False
hardcoded,64,3,1500000,0.768,667,1,0.3003,0.419,450264,450217,47,450217,0,1499231,1499075,767606579,0.7676,1.0555,0.7675,47,0,0.01,0.01,False,26.9,0.02,50.228,0.0,7.59,1,109.0,0.0,0,False,False,450233,1499128,0.7676,31,-16,-0.004,0.007,450268,0,0,0,0.0,35,0.008,-51,14094,32,,0,0,0,False,27.0,33.0,40.0,26.84,11.0,51.0,27.0,0,0,53.0,51.0,32.0,3397,0,0,True,False,False
template,64,3,1500000,0.768,667,1,0.3003,0.425,450183,450181,2,450181,0,1499260,1499253,767621233,0.7676,1.0555,0.7676,2,0,0.0,0.0,False,55.26,0.0,16.625,0.0,7.13,1,106.5,0.0,0,False,False,450168,1499210,0.7676,15,13,0.003,0.003,450184,0,0,0,0.0,16,0.004,-3,14088,32,,0,0,0,False,46.0,60.0,67.0,45.99,15.0,83.0,46.0,0,0,53.0,51.0,49.7,3400,0,0,True,False,False
modular,64,3,1500000,0.768,667,1,0.3003,0.423,450201,450147,54,450147,0,1499319,1499140,767651758,0.7677,1.0555,0.7676,54,0,0.012,0.012,False,76.73,0.01,15.483,0.003,8.13,1,93.3,0.0,0,False,False,450157,1499173,0.7676,44,-10,-0.002,0.01,450122,0,0,0,0.0,-35,-0.008,25,14086,32,,0,0,0,False,40.0,61.0,72.0,41.01,12.0,83.0,40.0,0,0,53.0,51.0,67.7,3399,0,0,True,False,False
rxonly,64,3,2000000,1.024,500,1,0.3002,0.43,600443,600345,98,600345,600319,1999943,1999616,1023970964,1.024,1.408,1.0238,98,0,0.016,0.016,True,59.15,0.01,43.503,0.0,4.58,3,129.4,0.0,0,False,False,,,,,,,,,,,,,,,,0,32,,0,0,0,False,,,,,,,,0,0,52.0,51.0,56.8,3395,0,0,True,False,False
baseline,64,3,2000000,1.024,500,1,0.3003,0.423,600571,600571,0,600593,0,1999845,1999919,1023921076,1.0239,1.4079,1.024,-22,-22,-0.004,0.0,False,20.45,0.01,42.576,0.0,4.45,4,124.1,0.0,0,False,False,600570,1999842,1.0239,1,23,0.004,0.0,600636,0,0,0,0.0,66,0.011,-43,18794,32,,0,0,0,False,28.0,34.0,37.0,27.94,9.0,57.0,28.0,0,0,52.0,51.0,24.6,3398,0,0,True,False,False
p1_static,64,3,2000000,1.024,500,1,0.3003,0.43,600782,600568,214,600568,0,2000496,1999783,1024254238,1.0243,1.4083,1.0239,214,0,0.036,0.036,False,28.57,0.0,23.192,0.0,4.45,1,117.2,0.0,0,False,False,600755,2000406,1.0242,27,-187,-0.031,0.004,600490,0,0,0,0.0,-265,-0.044,78,18807,32,,0,0,0,False,38.0,47.0,50.0,37.91,12.0,65.0,38.0,0,0,52.0,51.0,28.2,3398,0,0,True,False,False
hardcoded,64,3,2000000,1.024,500,1,0.3003,0.421,600607,600500,107,600500,0,1999886,1999529,1023941707,1.0239,1.4079,1.0238,107,0,0.018,0.018,False,30.38,0.0,23.568,0.0,4.69,4,119.4,0.0,0,False,False,600572,1999769,1.0239,35,-72,-0.012,0.006,600483,0,0,0,0.0,-89,-0.015,17,18800,32,,0,0,0,False,37.0,47.0,51.0,37.23,14.0,68.0,37.0,0,0,52.0,51.0,30.5,3401,0,0,True,False,False
template,64,3,2000000,1.024,500,1,0.3003,0.426,600545,600493,52,600493,0,2000000,1999826,1024000051,1.024,1.408,1.0239,52,0,0.009,0.009,False,70.63,0.01,15.533,0.0,4.59,2,117.7,0.0,0,False,False,600552,2000023,1.024,-7,-59,-0.01,-0.001,600468,0,0,0,0.0,-84,-0.014,25,18791,32,,0,0,0,False,37.0,53.0,63.0,37.11,9.0,73.0,37.0,0,0,53.0,51.0,62.0,3398,0,0,True,False,False
modular,64,3,2000000,1.024,500,1,0.3002,0.423,600368,577546,22822,577546,0,1999575,1923565,1023782726,1.0238,1.4077,0.9849,22822,0,3.801,3.801,False,99.8,0.01,0.07,0.017,5.25,7,110.3,0.0,0,False,False,577641,1923881,0.985,22727,-95,-0.016,3.786,577554,0,0,0,0.0,-87,-0.014,-8,18078,32,,0,0,0,False,145.0,159.0,166.0,139.69,12.0,189.0,145.0,0,0,53.0,51.0,84.6,3454,0,0,True,False,False
rxonly,64,3,2500000,1.28,400,1,0.3003,0.423,750557,750471,86,750471,750499,2499675,2499389,1279834022,1.2798,1.7598,1.2797,86,0,0.011,0.011,True,63.75,0.01,41.301,0.0,3.24,6,132.2,0.0,0,False,False,,,,,,,,,,,,,,,,0,64,,0,0,0,False,,,,,,,,0,0,52.0,51.0,60.7,3498,0,0,True,False,False
baseline,64,3,2500000,1.28,400,1,0.3002,0.418,750301,750197,104,750197,0,2499252,2498905,1279617166,1.2796,1.7595,1.2794,104,0,0.014,0.014,False,23.39,0.01,42.244,0.0,3.33,8,121.8,0.0,0,False,False,750296,2499235,1.2796,5,-99,-0.013,0.001,750244,0,0,0,0.0,-52,-0.007,-47,11736,64,,0,0,0,False,28.0,38.0,43.0,28.16,8.0,53.0,28.0,0,0,52.0,51.0,27.7,3398,0,0,True,False,False
p1_static,64,3,2500000,1.28,400,1,0.3003,0.429,750816,750548,268,750548,0,2500391,2499498,1280200250,1.2802,1.7603,1.2797,268,0,0.036,0.036,False,34.2,0.01,21.267,0.0,3.2,5,118.0,0.0,0,False,False,750751,2500174,1.2801,65,-203,-0.027,0.009,750519,0,0,0,0.0,-232,-0.031,29,11748,64,,0,0,0,False,39.0,48.0,51.0,38.74,12.0,59.0,39.0,0,0,52.0,51.0,32.7,3398,0,0,True,False,False
hardcoded,64,3,2500000,1.28,400,1,0.3003,0.419,750847,750633,214,750633,0,2499968,2499256,1279984109,1.28,1.76,1.2796,214,0,0.029,0.029,False,34.56,0.01,20.467,0.007,3.13,7,124.0,0.0,0,False,False,750798,2499805,1.2799,49,-165,-0.022,0.007,750657,0,0,0,0.0,-141,-0.019,-24,11751,64,,0,0,0,False,41.0,50.0,52.0,41.0,14.0,61.0,41.0,0,0,52.0,51.0,33.3,3497,0,0,True,False,False
template,64,3,2500000,1.28,400,1,0.3003,0.419,750601,750498,103,750498,0,2499569,2499226,1279779378,1.2798,1.7597,1.2796,103,0,0.014,0.014,False,82.19,0.0,10.297,0.0,3.14,7,119.9,0.0,0,False,False,750559,2499429,1.2797,42,-61,-0.008,0.006,750551,0,0,0,0.0,-8,-0.001,-53,11744,64,,0,0,0,False,32.0,47.0,56.0,32.23,9.0,76.0,32.0,0,0,52.0,51.0,71.9,3495,0,0,True,False,False
modular,64,3,2500000,1.28,400,1,0.3003,0.421,750629,607034,143595,607034,0,2499936,2021699,1279967354,1.28,1.76,1.0351,143595,0,19.13,19.13,False,100.25,0.0,0.0,0.01,3.56,6,200.9,0.0,0,False,False,607185,2022202,1.0354,143444,-151,-0.02,19.11,607003,0,0,0,0.0,-182,-0.024,31,9499,64,,0,0,0,False,138.0,144.0,151.0,137.52,104.0,180.0,138.0,0,0,53.0,51.0,84.8,3497,0,0,True,False,False
rxonly,64,3,3000000,1.536,333,1,0.3002,0.421,901638,901445,193,901445,901470,3003045,3002402,1537559176,1.5376,2.1141,1.5372,193,0,0.021,0.021,True,61.91,0.01,42.612,0.0,2.63,6,126.3,0.0,0,False,False,,,,,,,,,,,,,,,,0,64,,0,0,0,False,,,,,,,,0,0,52.0,51.0,60.1,3499,0,0,True,False,False
baseline,64,3,3000000,1.536,333,1,0.3004,0.424,901751,901751,0,901898,0,3002000,3002489,1537024130,1.537,2.1134,1.5373,-147,-147,-0.016,0.0,False,26.42,0.01,37.346,0.0,2.19,5,126.8,0.0,0,False,False,901805,3002180,1.5371,-54,93,0.01,-0.006,901911,0,0,0,0.0,106,0.012,-13,14114,64,,0,0,0,False,28.0,35.0,40.0,27.56,8.0,48.0,28.0,0,0,53.0,51.0,28.6,3498,0,0,True,False,False
p1_static,64,3,3000000,1.536,333,1,0.3006,0.426,902741,902722,19,902722,0,3003263,3003200,1537670937,1.5377,2.1143,1.5376,19,0,0.002,0.002,False,38.63,0.01,20.813,0.003,2.42,9,118.1,0.0,0,False,False,902640,3002927,1.5375,101,82,0.009,0.011,902757,0,0,0,0.0,117,0.013,-35,14143,64,,0,0,0,False,36.0,45.0,49.0,36.26,11.0,62.0,36.0,0,0,52.0,51.0,36.6,3499,0,0,True,False,False
hardcoded,64,3,3000000,1.536,333,1,0.3005,0.422,902563,902563,0,902647,0,3003143,3003422,1537609462,1.5376,2.1142,1.5378,-84,-84,-0.009,0.0,False,41.23,0.0,20.733,0.0,2.48,8,116.6,0.0,0,False,False,902589,3003229,1.5377,-26,58,0.006,-0.003,902655,0,0,0,0.0,66,0.007,-8,14138,64,,0,0,0,False,36.0,44.0,47.0,35.37,11.0,56.0,36.0,0,0,53.0,51.0,38.9,3499,0,0,True,False,False
template,64,3,3000000,1.536,333,1,0.3003,0.431,901584,901464,120,901464,0,3002451,3002052,1537255324,1.5373,2.1137,1.5371,120,0,0.013,0.013,False,98.09,0.01,1.092,0.02,2.1,8,118.4,0.0,0,False,False,901505,3002188,1.5371,79,-41,-0.005,0.009,901450,0,0,0,0.0,-55,-0.006,14,14105,64,,0,0,0,False,30.0,47.0,65.0,31.57,8.0,110.0,30.0,0,0,53.0,52.0,81.4,3502,0,0,True,False,False
modular,64,3,3000000,1.536,333,1,0.3003,0.425,901128,615424,285704,615424,0,3000904,2049463,1536463172,1.5365,2.1126,1.0493,285704,0,31.705,31.705,False,99.9,0.0,0.0,0.013,2.79,797,372.6,0.0,0,False,False,615422,2049456,1.0493,285706,2,0.0,31.705,615424,0,0,0,0.0,2,0.0,0,9632,64,,0,0,0,False,145.0,152.0,163.0,141.86,118.0,195.0,145.0,0,0,53.0,52.0,84.5,3499,0,0,True,False,False
rxonly,64,3,3500000,1.792,286,1,0.3003,0.419,1049800,1049800,0,1049810,1049775,3496306,3496339,1790108864,1.7901,2.4614,1.7901,-10,-10,-0.001,0.0,True,62.81,0.01,42.38,0.0,2.1,5,120.5,0.0,0,False,False,,,,,,,,,,,,,,,,0,64,,0,0,0,False,,,,,,,,0,0,52.0,51.0,60.8,3499,0,0,True,False,False
baseline,64,3,3500000,1.792,286,1,0.3003,0.419,1049915,1049761,154,1049761,0,3496567,3496054,1790242372,1.7902,2.4616,1.79,154,0,0.015,0.015,False,29.31,0.01,39.371,0.007,1.89,8,117.6,0.0,0,False,False,1049867,3496407,1.7902,48,-106,-0.01,0.005,1049764,0,0,0,0.0,-103,-0.01,-3,16425,64,,0,0,0,False,26.0,34.0,39.0,26.08,7.0,49.0,26.0,0,0,52.0,51.0,32.0,3498,0,0,True,False,False
p1_static,64,3,3500000,1.792,286,1,0.3004,0.421,1050154,1050091,63,1050091,0,3496252,3496042,1790081358,1.7901,2.4614,1.79,63,0,0.006,0.006,False,44.11,0.01,21.008,0.0,1.96,9,113.8,0.0,0,False,False,1050120,3496139,1.79,34,-29,-0.003,0.003,1050082,0,0,0,0.0,-38,-0.004,9,16436,64,,0,0,0,False,34.0,42.0,46.0,33.53,9.0,50.0,34.0,0,0,53.0,51.0,41.7,3500,0,0,True,False,False
hardcoded,64,3,3500000,1.792,286,1,0.3003,0.435,1049774,1049774,0,1049875,0,3495456,3495792,1789673589,1.7897,2.4608,1.7898,-101,-101,-0.01,0.0,False,47.5,0.01,20.188,0.003,1.84,13,113.4,0.0,0,False,False,1049788,3495502,1.7897,-14,87,0.008,-0.001,1049712,0,0,0,0.0,-76,-0.007,163,16429,64,,0,0,0,False,33.0,43.0,47.0,33.3,7.0,51.0,33.0,0,0,52.0,51.0,42.7,3498,0,0,True,False,False
template,64,3,3500000,1.792,286,1,0.3004,0.42,1048841,914014,134827,914014,0,3492031,3043135,1787920139,1.7879,2.4584,1.5581,134827,0,12.855,12.855,False,100.21,0.01,0.0,0.017,1.97,849,240.6,0.0,0,False,False,913744,3042236,1.5576,135097,270,0.026,12.881,914053,0,0,0,0.0,309,0.029,-39,14305,64,,0,0,0,False,94.0,102.0,107.0,94.25,76.0,129.0,94.0,0,0,53.0,52.0,85.1,3499,0,0,True,False,False
modular,64,3,3500000,1.792,286,1,0.3003,0.419,1038706,605045,433661,605045,0,3459140,2014945,1771079904,1.7711,2.4352,1.0317,433661,0,41.75,41.75,False,99.91,0.0,0.0,0.01,2.46,6203,522.3,0.0,0,False,False,604999,2014791,1.0316,433707,46,0.004,41.755,605048,0,0,0,0.0,49,0.005,-3,9470,64,,0,0,0,False,140.0,149.0,154.0,140.16,115.0,210.0,140.0,0,0,53.0,52.0,85.3,3495,0,0,True,False,False
rxonly,64,3,4000000,2.048,250,1,0.3002,0.419,1200666,1200465,201,1200465,1200407,3999048,3998378,2047512723,2.0475,2.8153,2.0472,201,0,0.017,0.017,True,64.02,0.01,41.361,0.003,1.66,24,117.2,0.0,0,False,False,,,,,,,,,,,,,,,,0,64,,0,0,0,False,,,,,,,,0,0,53.0,51.0,62.3,3500,0,0,True,False,False
baseline,64,3,4000000,2.048,250,1,0.3003,0.425,1201063,1201063,0,1201065,0,3999326,3999332,2047654975,2.0477,2.8155,2.0477,-2,-2,-0.0,0.0,False,32.9,0.01,35.289,0.003,1.26,17,117.6,0.0,0,False,False,1201013,3999159,2.0476,50,52,0.004,0.004,1201030,0,0,0,0.0,17,0.001,35,18793,64,,0,0,0,False,26.0,33.0,37.0,25.98,6.0,52.0,26.0,0,0,52.0,51.0,33.7,3498,0,0,True,False,False
p1_static,64,3,4000000,2.048,250,1,0.3003,0.423,1201145,1200962,183,1200962,0,3999594,3998984,2047792207,2.0478,2.8157,2.0475,183,0,0.015,0.015,False,50.53,0.01,20.089,0.0,1.35,13,110.9,0.0,0,False,False,1201091,3999414,2.0477,54,-129,-0.011,0.004,1201014,0,0,0,0.0,-77,-0.006,-52,18798,64,,0,0,0,False,32.0,42.0,46.0,31.99,7.0,58.0,32.0,0,0,52.0,51.0,46.7,3494,0,0,True,False,False
hardcoded,64,3,4000000,2.048,250,1,0.3004,0.428,1201017,1201017,0,1201337,0,3998356,3999421,2047158610,2.0472,2.8148,2.0477,-320,-320,-0.027,0.0,False,53.57,0.01,21.187,0.007,1.45,20,110.3,0.0,0,False,False,1200989,3998263,2.0471,28,348,0.029,0.002,1201441,0,0,0,0.0,452,0.038,-104,18801,64,,0,0,0,False,30.0,40.0,46.0,30.09,5.0,54.0,30.0,0,0,53.0,51.0,48.7,3496,0,0,True,False,False
template,64,3,4000000,2.048,250,1,0.3003,0.425,1187244,895029,292215,895029,0,3953734,2980606,2024311896,2.0243,2.7834,1.5261,292215,0,24.613,24.613,False,99.89,0.02,0.0,0.02,1.62,4965,369.6,0.0,0,False,False,894996,2980496,1.526,292248,33,0.003,24.616,895032,0,0,0,0.0,36,0.003,-3,14007,64,,0,0,0,False,94.0,99.0,104.0,93.22,74.0,131.0,94.0,0,0,53.0,52.0,84.6,3494,0,0,True,False,False
modular,64,3,4000000,2.048,250,1,0.3003,0.428,1170845,619063,551782,619063,0,3898647,2061338,1996107369,1.9961,2.7446,1.0554,551782,0,47.127,47.127,False,99.89,0.0,0.0,0.01,2.12,8515,461.7,0.0,0,False,False,618868,2060689,1.0551,551977,195,0.017,47.143,619059,0,0,0,0.0,191,0.016,4,9688,64,,0,0,0,False,127.0,134.0,144.0,127.4,116.0,182.0,127.0,0,0,53.0,52.0,83.7,3498,0,0,True,False,False
rxonly,64,3,5000000,2.56,200,1,0.3002,0.423,1500750,1500500,250,1500500,1500519,4999525,4998692,2559757034,2.5598,3.5197,2.5593,250,0,0.017,0.017,True,65.27,0.01,39.96,0.003,1.21,72,114.1,0.0,0,False,False,,,,,,,,,,,,,,,,0,128,,0,0,0,False,,,,,,,,0,0,53.0,51.0,61.9,3499,0,0,True,False,False
baseline,64,3,5000000,2.56,200,1,0.3002,0.424,1500963,1500909,54,1500909,0,4999589,4999410,2559790074,2.5598,3.5197,2.5597,54,0,0.004,0.004,False,40.17,0.01,36.647,0.003,0.88,11,113.4,0.0,0,False,False,1500895,4999363,2.5597,68,14,0.001,0.005,1500835,0,0,0,0.0,-60,-0.004,74,11738,128,,0,0,0,False,23.0,29.0,33.0,22.61,4.0,45.0,23.0,0,0,52.0,51.0,40.3,3496,0,0,True,False,False
p1_static,64,3,5000000,2.56,200,1,0.3003,0.425,1501200,1501200,0,1501227,0,4999017,4999107,2559497047,2.5595,3.5193,2.5595,-27,-27,-0.002,0.0,False,61.93,0.01,23.83,0.0,0.95,19,107.8,0.0,0,False,False,1501109,4998714,2.5593,91,118,0.008,0.006,1501141,0,0,0,0.0,32,0.002,86,11747,128,,0,0,0,False,24.0,36.0,42.0,24.46,5.0,55.0,24.0,0,0,52.0,51.0,56.4,3499,0,0,True,False,False
hardcoded,64,3,5000000,2.56,200,1,0.3003,0.425,1501540,1501235,305,1501235,0,5000129,4999113,2560066310,2.5601,3.5201,2.5595,305,0,0.02,0.02,False,66.65,0.0,20.42,0.007,0.98,15,105.2,0.0,0,False,False,1501452,4999836,2.5599,88,-217,-0.014,0.006,1501052,0,0,0,0.0,-400,-0.027,183,11748,128,,0,0,0,False,23.0,36.0,42.0,23.96,5.0,46.0,23.0,0,0,52.0,51.0,60.1,3497,0,0,True,False,False
template,64,3,5000000,2.56,200,1,0.3003,0.423,1436293,884852,551441,884852,0,4782755,2946495,2448770763,2.4488,3.3671,1.5086,551441,0,38.393,38.393,False,99.9,0.0,0.0,0.01,1.17,10050,418.1,0.0,0,False,False,884784,2946268,1.5085,551509,68,0.005,38.398,884862,0,0,0,0.0,78,0.005,-10,6925,128,,0,0,0,False,91.0,102.0,111.0,92.62,75.0,127.0,91.0,0,0,53.0,51.0,84.6,3498,0,0,True,False,False
modular,64,3,5000000,2.56,200,1,0.3003,0.418,1422727,600809,821918,600809,0,4737291,2000529,2425493383,2.4255,3.3351,1.0243,821918,0,57.771,57.771,False,99.89,0.01,0.0,0.01,1.59,10336,400.3,0.0,0,True,False,600748,2000326,1.0242,821979,61,0.004,57.775,600827,0,0,0,0.0,79,0.006,-18,4702,128,,0,0,0,False,146.0,151.0,158.0,146.27,125.0,178.0,146.0,0,0,53.0,51.0,85.5,3498,0,0,True,False,False
rxonly,64,3,6000000,3.072,167,1,0.3003,0.419,1796715,1796687,28,1796687,1796671,5983773,5983679,3063691827,3.0637,4.2126,3.0636,28,0,0.002,0.002,True,63.83,0.02,35.296,0.007,0.92,160,107.6,0.0,0,False,False,,,,,,,,,,,,,,,,0,128,,0,0,0,False,,,,,,,,0,0,53.0,50.0,60.8,3498,0,0,True,False,False
baseline,64,3,6000000,3.072,167,1,0.3003,0.419,1796377,1796181,196,1796181,0,5981850,5981197,3062707516,3.0627,4.2112,3.0624,196,0,0.011,0.011,False,45.41,0.01,35.744,0.003,0.54,92,124.7,0.0,0,False,False,1796274,5981507,3.0625,103,-93,-0.005,0.006,1796156,0,0,0,0.0,-118,-0.007,25,14053,128,,0,0,0,False,20.0,26.0,31.0,20.39,6.0,74.0,20.0,0,0,53.0,50.0,45.4,3500,0,0,True,False,False
p1_static,64,3,6000000,3.072,167,1,0.3003,0.428,1797323,1796612,711,1796612,0,5984434,5982066,3064030353,3.064,4.213,3.0628,711,0,0.04,0.04,False,73.17,0.01,17.014,0.003,0.63,54,107.9,0.0,0,False,False,1797100,5983691,3.0637,223,-488,-0.027,0.012,1796570,0,0,0,0.0,-530,-0.029,42,14065,128,,0,0,0,False,19.0,32.0,39.0,19.8,4.0,59.0,19.0,0,0,53.0,52.0,64.9,3498,0,0,True,False,False
hardcoded,64,3,6000000,3.072,167,1,0.3004,0.424,1795285,1795207,78,1795207,0,5977194,5976935,3060323767,3.0603,4.2079,3.0602,78,0,0.004,0.004,False,81.43,0.02,11.982,0.013,0.61,189,114.6,0.0,0,False,False,1795299,5977241,3.0603,-14,-92,-0.005,-0.001,1795188,0,0,0,0.0,-111,-0.006,19,14049,128,,0,0,0,False,18.0,31.0,39.0,19.41,4.0,61.0,18.0,0,0,53.0,52.0,71.1,3495,0,0,True,False,False
template,64,3,6000000,3.072,167,1,0.3003,0.43,1648332,878376,769956,878376,0,5488586,2924800,2810156042,2.8102,3.864,1.4975,769956,0,46.711,46.711,False,99.89,0.0,0.0,0.01,0.81,13199,433.1,0.0,0,True,False,878345,2924697,1.4974,769987,31,0.002,46.713,878380,0,0,0,0.0,35,0.002,-4,6873,128,,0,0,0,False,91.0,104.0,111.0,91.66,76.0,124.0,91.0,0,0,53.0,52.0,83.6,3497,0,0,True,False,False
modular,64,3,6000000,3.072,167,1,0.3003,0.421,1663932,607626,1056306,607626,0,5541122,2023478,2837054728,2.8371,3.901,1.036,1056306,0,63.483,63.483,False,99.9,0.0,0.0,0.01,1.14,11582,355.8,0.0,0,True,False,607760,2023924,1.0362,1056172,-134,-0.008,63.474,607607,0,0,0,0.0,-153,-0.009,19,4756,128,,0,0,0,False,143.0,150.0,155.0,144.21,132.0,176.0,143.0,0,0,53.0,52.0,85.2,3498,0,0,True,False,False
rxonly,64,3,7000000,3.584,143,1,0.3002,0.421,2098842,2098842,0,2098848,2098774,6990423,6990443,3579096867,3.5791,4.9213,3.5791,-6,-6,-0.0,0.0,True,62.67,0.01,35.528,0.007,0.74,438,110.8,0.0,0,False,False,,,,,,,,,,,,,,,,0,128,,0,0,0,False,,,,,,,,0,0,53.0,51.0,59.4,3497,0,0,True,False,False
baseline,64,3,7000000,3.584,143,1,0.3003,0.424,2093810,2093810,0,2094004,0,6972187,6972833,3569760052,3.5698,4.9084,3.5701,-194,-194,-0.009,0.0,False,50.65,0.02,34.578,0.007,0.33,1247,137.2,0.0,0,False,False,2093642,6971628,3.5695,168,362,0.017,0.008,2094014,0,0,0,0.0,372,0.018,-10,16380,128,,0,0,0,False,18.0,25.0,36.0,18.88,4.0,168.0,18.0,0,0,53.0,51.0,49.0,3500,0,0,True,False,False
p1_static,64,3,7000000,3.584,143,1,0.3004,0.43,2081381,2081381,0,2081876,0,6928062,6929709,3547167907,3.5472,4.8774,3.548,-495,-495,-0.024,0.0,False,88.57,0.0,7.816,0.007,0.35,1841,164.1,0.0,0,False,False,2081062,6927000,3.5466,319,814,0.039,0.015,2081910,0,0,0,0.0,848,0.041,-34,16291,128,,0,0,0,False,18.0,31.0,38.0,18.9,3.0,65.0,18.0,0,0,53.0,52.0,74.8,3498,0,0,True,False,False
hardcoded,64,3,7000000,3.584,143,1,0.3003,0.424,2083350,2083077,273,2083077,0,6938038,6937129,3552275617,3.5523,4.8844,3.5518,273,0,0.013,0.013,False,92.6,0.01,4.889,0.01,0.39,795,125.5,0.0,0,False,False,2082936,6936659,3.5516,414,141,0.007,0.02,2082985,0,0,0,0.0,49,0.002,92,16295,128,,0,0,0,False,17.0,30.0,39.0,18.22,4.0,60.0,17.0,0,0,53.0,52.0,79.2,3497,0,0,True,False,False
template,64,3,7000000,3.584,143,1,0.3003,0.433,1892586,928787,963799,928787,0,6301979,3092697,3226613568,3.2266,4.4366,1.5835,963799,0,50.925,50.925,False,99.89,0.01,0.0,0.013,0.59,14282,357.7,0.0,0,True,False,928923,3093150,1.5837,963663,-136,-0.007,50.918,928778,0,0,0,0.0,-145,-0.008,9,7269,128,,0,0,0,False,88.0,97.0,113.0,89.51,78.0,128.0,88.0,0,0,53.0,52.0,82.7,3497,0,0,True,False,False
modular,64,3,7000000,3.584,143,1,0.3003,0.425,1912685,612283,1300402,612283,0,6369275,2038913,3261069175,3.2611,4.484,1.0439,1300402,0,67.988,67.988,False,99.9,0.01,0.0,0.017,0.79,12225,332.6,0.0,0,True,False,612182,2038577,1.0438,1300503,101,0.005,67.994,612292,0,0,0,0.0,110,0.006,-9,4791,128,,0,0,0,False,139.0,143.0,148.0,138.74,129.0,174.0,139.0,0,0,53.0,52.0,84.5,3498,0,0,True,False,False
rxonly,64,3,8000000,4.096,125,1,0.3003,0.422,2399463,2399463,0,2399774,2399588,7990946,7991982,4091364496,4.0914,5.6256,4.0919,-311,-311,-0.013,0.0,True,59.76,0.01,37.679,0.01,0.53,1833,122.3,0.0,0,False,False,,,,,,,,,,,,,,,,0,128,,0,0,0,False,,,,,,,,0,0,53.0,52.0,57.2,3498,0,0,True,False,False
baseline,64,3,8000000,4.096,125,1,0.3004,0.439,2378255,2378255,0,2378657,0,7916811,7918149,4053407441,4.0534,5.5734,4.0541,-402,-402,-0.017,0.0,False,55.69,0.01,34.846,0.0,0.2,2956,154.7,0.0,0,False,False,2377776,7915216,4.0526,479,881,0.037,0.02,2378806,0,0,0,0.0,1030,0.043,-149,18610,128,,0,0,0,False,16.0,24.0,34.0,16.68,4.0,103.0,16.0,0,0,53.0,52.0,51.5,3497,0,0,True,False,False
p1_static,64,3,8000000,4.096,125,1,0.3003,0.425,2391470,2391470,0,2391579,0,7963134,7963497,4077125069,4.0771,5.606,4.0773,-109,-109,-0.005,0.0,False,99.47,0.01,0.226,0.013,0.22,1079,124.2,0.0,0,False,False,2391254,7962415,4.0768,216,325,0.014,0.009,2391612,0,0,0,0.0,358,0.015,-33,18709,128,,0,0,0,False,11.0,17.0,29.0,12.18,4.0,79.0,11.0,0,0,53.0,52.0,83.8,3499,0,0,True,False,False
hardcoded,64,3,8000000,4.096,125,1,0.3004,0.426,2379815,2275716,104099,2275716,0,7922427,7575880,4056282923,4.0563,5.5774,3.8789,104099,0,4.374,4.374,False,100.2,0.01,0.0,0.01,0.19,4837,200.3,0.0,0,False,False,2275029,7573593,3.8777,104786,687,0.029,4.403,2275876,0,0,0,0.0,847,0.036,-160,17809,128,,0,0,0,False,38.0,44.0,48.0,38.85,16.0,71.0,38.0,0,0,53.0,52.0,83.9,3500,0,0,True,False,False
template,64,3,8000000,4.096,125,1,0.3003,0.422,2106777,908493,1198284,908493,0,7015666,3025324,3592021425,3.592,4.939,1.549,1198284,0,56.878,56.878,False,100.23,0.01,0.0,0.013,0.31,23439,474.3,0.0,0,True,False,908652,3025854,1.5492,1198125,-159,-0.008,56.87,908461,0,0,0,0.0,-191,-0.009,32,7108,128,,0,0,0,False,95.0,100.0,104.0,94.56,81.0,128.0,95.0,0,0,53.0,52.0,84.8,3499,0,0,True,False,False
modular,64,3,8000000,4.096,125,1,0.3003,0.419,2156697,607358,1549339,607358,0,7181739,2022484,3677050437,3.6771,5.0559,1.0355,1549339,0,71.839,71.839,False,99.9,0.0,0.0,0.01,0.44,18971,389.0,0.0,0,True,False,607353,2022468,1.0355,1549344,5,0.0,71.839,607367,0,0,0,0.0,14,0.001,-9,4754,128,,0,0,0,False,140.0,146.0,153.0,139.72,127.0,168.0,140.0,0,0,53.0,52.0,85.4,3494,0,0,True,False,False
