frame,delay,secs,tx,tx_pps,tx_pps_sum,offered_pps,gen_threads,window_mode,gen_start_offset_ms,t_wall,read_ms,gen_skew_pct,gen_rate_mismatch_pct,gen_errors,offered_tx,offered_real_pps,hit,miss,drop,rx,rx_pps,hit_pps,proc_pps,respinti,persi_in_coda,persi_dopo,respinti_pct,loss_dut_pct,rx_mbps,lost_before,lost_after,loss_pct,loss_wire_pct,repeat,loss_worst,loss_best,loss_med,rx_pps_min,rx_pps_max,burst,xmit_mode,rx_pps_mean,rx_pps_std,rx_pps_cv_pct,secs_mean,spread_pct,spread_iqr_pct,ripetizioni_anomale,spread_deciso_pct,unreliable,invalid_reason,bottleneck,bottleneck_why,cpu_gen_pct,cpu_dut_pct_punto,cpu_dut_pct,ns_cpu,softnet_dropped,threads,clone_skb,method,round,phase
64,0,0.3,2275550,7578840,7578839,,3,steady,0.0,1790873520.44,0.48,0.0,0.0,231332,2506882,8349303,2275296,0,0,2275254,7577854,7577994,7577994,231332,254,42,9.228,0.012,3879.86,231586,42,9.24,0.013,3,9.958,9.24,9.372,7415538,7583717,0,start_xmit,7525703,77935.2,1.0,0.3,2.3,,0,2.3,False,[],pipeline-ingresso,"231586 pacchetti mai arrivati al programma contro 42 elaborati e non usciti: satura l'ingresso del DUT (cpu gen 79.1%, cpu DUT 74.6%)",79.1,74.6,96.2,253.9,0,3,0,rxonly,1,saturazione
64,1167,0.3,772227,2570975,2570974,2569202,3,steady,0.0,1790873521.98,0.62,0.0,0.0,0,772227,2570975,772168,0,0,772134,2570666,2570779,2570779,0,59,34,0.0,0.012,1316.18,59,34,0.012,0.012,3,0.012,0.0,0.008,2570653,2570839,0,start_xmit,2570719,84.8,0.0,0.3,0.0,,0,0.0,False,[],generatore,"nessuna perdita: il DUT non e' saturo, quindi questo e' il rate che il generatore ha saputo offrire, non il massimo della pipeline (cpu gen 84.6%, cpu DUT 52.6%)",84.6,52.6,66.8,519.7,0,3,0,rxonly,1,confronto
64,0,0.3,1958178,6517867,6517865,,3,steady,0.0,1790873524.52,0.67,0.0,0.0,809819,2767997,9213379,1958284,0,0,1958288,6518233,6518219,6518219,809819,0,0,29.256,0.0,3337.34,809713,0,29.253,0.0,3,29.794,29.176,29.253,6439803,6550505,0,start_xmit,6502847,46485.0,0.7,0.3,1.7,,0,1.7,False,[],pipeline-ingresso,"809713 pacchetti mai arrivati al programma contro 0 elaborati e non usciti: satura l'ingresso del DUT (cpu gen 79.1%, cpu DUT 78.9%)",79.1,78.9,100.0,306.8,0,3,0,baseline,1,saturazione
64,1167,0.3,772384,2570629,2570628,2569202,3,steady,0.0,1790873526.06,0.75,0.0,0.0,0,772384,2570629,772456,0,0,772476,2570936,2570869,2570869,0,0,0,0.0,0.0,1316.32,0,0,0.0,0.0,3,0.005,0.0,0.002,2570912,2571045,0,start_xmit,2570964,57.9,0.0,0.3,0.0,,0,0.0,False,[],generatore,"nessuna perdita: il DUT non e' saturo, quindi questo e' il rate che il generatore ha saputo offrire, non il massimo della pipeline (cpu gen 79.1%, cpu DUT 64.7%)",79.1,64.7,82.8,644.1,0,3,0,baseline,1,confronto
64,0,0.3,1740121,5793258,5793257,,3,steady,0.0,1790873527.06,0.57,0.0,0.0,1003731,2743852,9134907,1740081,0,0,1740192,5793494,5793125,5793125,1003731,40,0,36.581,0.001,2966.27,1003771,0,36.579,0.0,3,37.508,36.052,36.579,5549118,5871404,0,start_xmit,5738005,137298.5,2.4,0.3,5.8,,0,5.8,False,[],pipeline-ingresso,"1003771 pacchetti mai arrivati al programma contro 0 elaborati e non usciti: satura l'ingresso del DUT (cpu gen 79.1%, cpu DUT 79.1%)",79.1,79.1,100.0,345.2,0,3,0,p1_static,1,saturazione
64,1167,0.301,772784,2570823,2570822,2569202,3,steady,0.0,1790873528.05,0.98,0.0,0.0,0,772784,2570823,772758,0,0,772745,2570693,2570736,2570736,0,26,13,0.0,0.005,1316.19,26,13,0.005,0.005,3,0.005,0.0,0.004,2570628,2571115,0,start_xmit,2570812,215.9,0.0,0.3,0.0,,0,0.0,False,[],generatore,"nessuna perdita: il DUT non e' saturo, quindi questo e' il rate che il generatore ha saputo offrire, non il massimo della pipeline (cpu gen 79.4%, cpu DUT 65.9%)",79.4,65.9,84.8,659.7,0,3,0,p1_static,1,confronto
64,0,0.3,1628907,5421285,5421284,,3,steady,0.0,1790873530.15,0.75,0.0,0.0,1084764,2713671,9031568,1629136,0,0,1629328,5422686,5422047,5422047,1084764,0,0,39.974,0.0,2776.42,1084535,0,39.959,0.0,3,39.995,39.242,39.959,5417729,5552257,0,start_xmit,5464224,62281.6,1.1,0.3,2.5,,0,2.5,False,[],pipeline-ingresso,"1084535 pacchetti mai arrivati al programma contro 0 elaborati e non usciti: satura l'ingresso del DUT (cpu gen 79.1%, cpu DUT 79.2%)",79.1,79.2,100.0,368.9,0,3,0,hardcoded,1,saturazione
64,1167,0.3,772376,2570939,2570938,2569202,3,steady,0.0,1790873532.12,0.73,0.0,0.0,0,772376,2570939,772312,0,0,772311,2570722,2570726,2570726,0,64,1,0.0,0.008,1316.21,64,1,0.008,0.008,3,0.022,0.008,0.008,2570575,2570898,0,start_xmit,2570731,132.0,0.0,0.3,0.0,,0,0.0,False,[],generatore,"nessuna perdita: il DUT non e' saturo, quindi questo e' il rate che il generatore ha saputo offrire, non il massimo della pipeline (cpu gen 84.5%, cpu DUT 70.1%)",84.5,70.1,85.2,662.8,0,3,0,hardcoded,1,confronto
64,0,0.3,1128851,3757617,3757615,,3,steady,0.0,1790873533.67,0.67,0.0,0.0,1589416,2718267,9048321,1128903,0,0,1128960,3757979,3757790,3757790,1589416,0,0,58.472,0.0,1924.09,1589364,0,58.468,0.0,3,58.651,58.468,58.644,3746534,3763412,0,start_xmit,3755975,7034.6,0.2,0.3,0.5,,0,0.5,False,[],pipeline-ingresso,"1589364 pacchetti mai arrivati al programma contro 0 elaborati e non usciti: satura l'ingresso del DUT (cpu gen 79.1%, cpu DUT 78.9%)",79.1,78.9,100.0,532.2,0,3,0,template,1,saturazione
64,1167,0.3,772314,2571394,2571392,2569202,3,steady,0.0,1790873534.23,0.71,0.0,0.0,0,772314,2571394,772119,0,0,772018,2570408,2570744,2570744,0,195,101,0.0,0.038,1316.05,195,101,0.038,0.038,3,0.038,0.0,0.019,2570380,2570958,0,start_xmit,2570582,266.1,0.0,0.3,0.0,,0,0.0,False,[],generatore,"nessuna perdita: il DUT non e' saturo, quindi questo e' il rate che il generatore ha saputo offrire, non il massimo della pipeline (cpu gen 79.4%, cpu DUT 73.0%)",79.4,73.0,94.0,731.3,0,3,0,template,1,confronto
64,0,0.3,871383,2901854,2901853,,3,steady,0.0,1790873536.76,0.43,0.0,0.0,1849131,2720514,9059775,871332,0,0,871296,2901564,2901684,2901684,1849131,51,36,67.97,0.003,1485.6,1849182,36,67.973,0.01,3,67.997,67.895,67.973,2893129,2910674,0,start_xmit,2901789,7164.5,0.2,0.3,0.6,,0,0.6,False,[],pipeline-ingresso,"1849182 pacchetti mai arrivati al programma contro 36 elaborati e non usciti: satura l'ingresso del DUT (cpu gen 78.7%, cpu DUT 78.7%)",78.7,78.7,100.0,689.3,0,3,0,modular,1,saturazione
64,1167,0.301,698324,2323616,2323615,2569202,3,steady,0.0,1790873537.75,0.86,0.0,0.0,74250,772574,2570677,698431,0,0,698465,2324085,2323972,2323972,74250,0,0,9.611,0.0,1189.93,74143,0,9.592,0.0,3,10.531,8.4,9.592,2300006,2354958,0,start_xmit,2326349,22491.1,1.0,0.3,2.4,,0,2.4,False,[],pipeline-ingresso,"74143 pacchetti mai arrivati al programma contro 0 elaborati e non usciti: satura l'ingresso del DUT (cpu gen 79.1%, cpu DUT 75.2%)",79.1,75.2,96.5,830.5,0,3,0,modular,1,confronto
64,0,0.301,2246616,7476257,7476256,,3,steady,0.0,1790873538.86,0.67,0.0,0.0,240553,2487169,8276766,2246792,0,0,2246864,7477082,7476842,7476842,240553,0,0,9.672,0.0,3828.27,240377,0,9.662,0.0,3,9.849,9.513,9.662,7449713,7545000,0,start_xmit,7490598,40057.6,0.5,0.3,1.3,,0,1.3,False,[],pipeline-ingresso,"240377 pacchetti mai arrivati al programma contro 0 elaborati e non usciti: satura l'ingresso del DUT (cpu gen 78.7%, cpu DUT 74.5%)",78.7,74.5,96.2,257.3,0,3,0,rxonly,2,saturazione
64,1167,0.3,772362,2571136,2571135,2569202,3,steady,0.0,1790873540.39,0.66,0.0,0.0,0,772362,2571136,772320,0,0,772307,2570953,2570996,2570996,0,42,13,0.0,0.007,1316.33,42,13,0.007,0.007,3,0.007,0.0,0.0,2570712,2570973,0,start_xmit,2570879,118.6,0.0,0.3,0.0,,0,0.0,False,[],generatore,"nessuna perdita: il DUT non e' saturo, quindi questo e' il rate che il generatore ha saputo offrire, non il massimo della pipeline (cpu gen 73.8%, cpu DUT 39.9%)",73.8,39.9,61.3,476.9,0,3,0,rxonly,2,confronto
64,0,0.3,1957559,6515755,6515754,,3,steady,0.0,1790873542.05,0.72,0.0,0.0,816342,2773901,9232957,1957633,0,0,1957756,6516410,6516001,6516001,816342,0,0,29.429,0.0,3336.4,816268,0,29.422,0.0,3,29.476,29.245,29.422,6510745,6523635,0,start_xmit,6516930,5275.2,0.1,0.3,0.2,,0,0.2,False,[],pipeline-ingresso,"816268 pacchetti mai arrivati al programma contro 0 elaborati e non usciti: satura l'ingresso del DUT (cpu gen 74.0%, cpu DUT 74.0%)",74.0,74.0,100.0,306.9,0,3,0,baseline,2,saturazione
64,1167,0.3,772137,2570791,2570790,2569202,3,steady,0.0,1790873544.67,0.54,0.0,0.0,0,772137,2570791,772195,0,0,772222,2571074,2570984,2570984,0,0,0,0.0,0.0,1316.39,0,0,0.0,0.0,3,0.001,0.0,0.0,2570699,2571113,0,start_xmit,2570962,186.6,0.0,0.3,0.0,,0,0.0,False,[],generatore,"nessuna perdita: il DUT non e' saturo, quindi questo e' il rate che il generatore ha saputo offrire, non il massimo della pipeline (cpu gen 79.5%, cpu DUT 63.6%)",79.5,63.6,84.0,653.4,0,3,0,baseline,2,confronto
64,0,0.3,1752237,5831534,5831533,,3,steady,0.0,1790873545.68,0.68,0.0,0.0,995846,2748083,9145760,1752432,0,0,1752368,5831970,5832183,5832183,995846,0,64,36.238,0.002,2985.97,995651,64,36.233,0.0,3,36.513,36.041,36.233,5814731,5884406,0,start_xmit,5843702,29629.8,0.5,0.3,1.2,,0,1.2,False,[],pipeline-ingresso,"995651 pacchetti mai arrivati al programma contro 64 elaborati e non usciti: satura l'ingresso del DUT (cpu gen 79.1%, cpu DUT 79.0%)",79.1,79.0,100.0,342.9,0,3,0,p1_static,2,saturazione
64,1167,0.301,772520,2570734,2570733,2569202,3,steady,0.0,1790873547.22,0.82,0.0,0.0,0,772520,2570734,772609,0,0,772645,2571150,2571030,2571030,0,0,0,0.0,0.0,1316.43,0,0,0.0,0.0,3,0.016,0.0,0.0,2570781,2571236,0,start_xmit,2571055,197.4,0.0,0.301,0.0,,0,0.0,False,[],generatore,"nessuna perdita: il DUT non e' saturo, quindi questo e' il rate che il generatore ha saputo offrire, non il massimo della pipeline (cpu gen 79.3%, cpu DUT 63.9%)",79.3,63.9,83.6,650.3,0,3,0,p1_static,2,confronto
64,0,0.301,1666729,5546442,5546441,,3,steady,0.0,1790873548.33,0.83,0.0,0.0,1076600,2743329,9129089,1666612,0,0,1666496,5545667,5546053,5546053,1076600,117,116,39.244,0.008,2839.38,1076717,116,39.253,0.014,3,39.421,39.105,39.253,5542545,5576480,0,start_xmit,5554897,15314.4,0.3,0.301,0.6,,0,0.6,False,[],pipeline-ingresso,"1076717 pacchetti mai arrivati al programma contro 116 elaborati e non usciti: satura l'ingresso del DUT (cpu gen 78.9%, cpu DUT 79.1%)",78.9,79.1,100.0,360.6,0,3,0,hardcoded,2,saturazione
64,1167,0.301,772519,2570521,2570519,2569202,3,steady,0.0,1790873550.31,0.85,0.0,0.0,0,772519,2570521,772687,0,0,772730,2571223,2571080,2571080,0,0,0,0.0,0.0,1316.47,0,0,0.0,0.0,3,0.017,0.0,0.0,2570617,2571389,0,start_xmit,2571076,331.8,0.0,0.301,0.0,,0,0.0,False,[],generatore,"nessuna perdita: il DUT non e' saturo, quindi questo e' il rate che il generatore ha saputo offrire, non il massimo della pipeline (cpu gen 78.8%, cpu DUT 64.2%)",78.8,64.2,84.6,658.1,0,3,0,hardcoded,2,confronto
64,0,0.3,1123834,3741677,3741676,,3,steady,0.0,1790873551.86,0.57,0.0,0.0,1591290,2715124,9039697,1123883,0,0,1123904,3741910,3741840,3741840,1591290,0,0,58.608,0.0,1915.86,1591241,0,58.606,0.0,3,58.748,58.596,58.606,3723156,3743133,0,start_xmit,3736066,9142.6,0.2,0.3,0.5,,0,0.5,False,[],pipeline-ingresso,"1591241 pacchetti mai arrivati al programma contro 0 elaborati e non usciti: satura l'ingresso del DUT (cpu gen 79.4%, cpu DUT 79.2%)",79.4,79.2,100.0,534.5,0,3,0,template,2,saturazione
64,1167,0.3,772552,2570968,2570967,2569202,3,steady,0.0,1790873552.95,0.78,0.0,0.0,0,772552,2570968,772510,0,0,772546,2570948,2570829,2570829,0,42,0,0.0,0.005,1316.33,42,0,0.001,0.001,3,0.004,0.0,0.001,2570593,2571007,0,start_xmit,2570849,182.8,0.0,0.3,0.0,,0,0.0,False,[],generatore,"nessuna perdita: il DUT non e' saturo, quindi questo e' il rate che il generatore ha saputo offrire, non il massimo della pipeline (cpu gen 79.1%, cpu DUT 72.4%)",79.1,72.4,93.8,729.7,0,3,0,template,2,confronto
64,0,0.301,869851,2892605,2892604,,3,steady,0.0,1790873555.49,1.09,0.0,0.0,1830610,2700461,8980121,869877,0,0,869934,2892881,2892691,2892691,1830610,0,0,67.789,0.0,1481.16,1830584,0,67.786,0.0,3,68.035,67.649,67.786,2880586,2923519,0,start_xmit,2898995,18052.7,0.6,0.301,1.5,,0,1.5,False,[],pipeline-ingresso,"1830584 pacchetti mai arrivati al programma contro 0 elaborati e non usciti: satura l'ingresso del DUT (cpu gen 79.0%, cpu DUT 78.9%)",79.0,78.9,100.0,691.4,0,3,0,modular,2,saturazione
64,1167,0.3,701985,2336212,2336211,2569202,3,steady,0.0,1790873555.94,0.85,0.0,0.0,70556,772541,2571023,701879,0,0,701900,2335929,2335859,2335859,70556,106,0,9.133,0.014,1196.0,70662,0,9.144,0.012,3,9.382,9.129,9.144,2329709,2335936,0,start_xmit,2333858,2933.8,0.1,0.3,0.3,,0,0.3,False,[],pipeline-ingresso,"70662 pacchetti mai arrivati al programma contro 0 elaborati e non usciti: satura l'ingresso del DUT (cpu gen 79.1%, cpu DUT 75.9%)",79.1,75.9,96.5,826.2,0,3,0,modular,2,confronto
64,0,0.3,2222815,7399151,7399149,,3,steady,0.0,1790873558.14,0.62,0.0,0.0,268920,2491735,8294313,2222673,0,0,2222700,7398768,7398678,7398678,268920,142,0,10.792,0.006,3788.17,269062,0,10.797,0.005,3,11.06,10.462,10.797,7316675,7461635,0,start_xmit,7392359,59352.9,0.8,0.3,2.0,,0,2.0,False,[],pipeline-ingresso,"269062 pacchetti mai arrivati al programma contro 0 elaborati e non usciti: satura l'ingresso del DUT (cpu gen 78.8%, cpu DUT 74.6%)",78.8,74.6,96.3,260.3,0,3,0,rxonly,3,saturazione
64,1167,0.3,771925,2570806,2570805,2569202,3,steady,0.0,1790873560.22,0.42,0.0,0.0,0,771925,2570806,771890,0,0,771887,2570680,2570690,2570690,0,35,3,0.0,0.005,1316.19,35,3,0.005,0.005,3,0.005,0.004,0.005,2570623,2570750,0,start_xmit,2570684,51.9,0.0,0.3,0.0,,0,0.0,False,[],generatore,"nessuna perdita: il DUT non e' saturo, quindi questo e' il rate che il generatore ha saputo offrire, non il massimo della pipeline (cpu gen 73.7%, cpu DUT 41.0%)",73.7,41.0,62.0,482.4,0,3,0,rxonly,3,confronto
64,0,0.3,1941193,6461385,6461383,,3,steady,0.0,1790873560.79,0.67,0.0,0.0,818922,2760115,9187219,1941394,0,0,1941393,6462050,6462054,6462054,818922,0,1,29.67,0.0,3308.57,818721,1,29.663,0.0,3,29.888,29.564,29.663,6386779,6474678,0,start_xmit,6441169,38803.5,0.6,0.3,1.4,,0,1.4,False,[],pipeline-ingresso,"818721 pacchetti mai arrivati al programma contro 1 elaborati e non usciti: satura l'ingresso del DUT (cpu gen 73.8%, cpu DUT 73.8%)",73.8,73.8,100.0,309.5,0,3,0,baseline,3,saturazione
64,1167,0.3,772448,2570876,2570874,2569202,3,steady,0.0,1790873562.87,0.73,0.0,0.0,0,772448,2570876,772481,0,0,772480,2570982,2570985,2570985,0,0,1,0.0,0.0,1316.34,0,1,0.0,0.0,3,0.007,0.0,0.0,2570856,2571376,0,start_xmit,2571071,221.5,0.0,0.301,0.0,,0,0.0,False,[],generatore,"nessuna perdita: il DUT non e' saturo, quindi questo e' il rate che il generatore ha saputo offrire, non il massimo della pipeline (cpu gen 79.5%, cpu DUT 63.6%)",79.5,63.6,82.5,641.8,0,3,0,baseline,3,confronto
64,0,0.301,1730284,5757944,5757943,,3,steady,0.0,1790873564.86,0.83,0.0,0.0,999707,2729991,9084715,1730612,0,0,1730881,5759931,5759036,5759036,999707,0,0,36.619,0.0,2949.08,999379,0,36.598,0.0,3,36.853,36.22,36.598,5754146,5839958,0,start_xmit,5784678,39159.9,0.7,0.301,1.5,,0,1.5,False,[],pipeline-ingresso,"999379 pacchetti mai arrivati al programma contro 0 elaborati e non usciti: satura l'ingresso del DUT (cpu gen 84.6%, cpu DUT 84.9%)",84.6,84.9,100.0,347.3,0,3,0,p1_static,3,saturazione
64,1167,0.3,772443,2570911,2570910,2569202,3,steady,0.0,1790873565.95,0.72,0.0,0.0,0,772443,2570911,772442,0,0,772456,2570954,2570907,2570907,0,1,0,0.0,0.0,1316.33,1,0,0.0,0.0,3,0.01,0.0,0.0,2570889,2571021,0,start_xmit,2570954,53.9,0.0,0.301,0.0,,0,0.0,False,[],generatore,"nessuna perdita: il DUT non e' saturo, quindi questo e' il rate che il generatore ha saputo offrire, non il massimo della pipeline (cpu gen 78.6%, cpu DUT 64.0%)",78.6,64.0,83.1,646.5,0,3,0,p1_static,3,confronto
64,0,0.3,1670242,5559625,5559624,,3,steady,0.0,1790873567.94,0.67,0.0,0.0,1084311,2754553,9168901,1670335,0,0,1670272,5559725,5559935,5559935,1084311,0,63,39.364,0.002,2846.58,1084218,63,39.363,0.0,3,39.631,39.029,39.363,5503705,5597199,0,start_xmit,5553543,38418.3,0.7,0.3,1.7,,0,1.7,False,[],pipeline-ingresso,"1084218 pacchetti mai arrivati al programma contro 63 elaborati e non usciti: satura l'ingresso del DUT (cpu gen 79.3%, cpu DUT 79.1%)",79.3,79.1,100.0,359.7,0,3,0,hardcoded,3,saturazione
64,1167,0.301,772929,2571193,2571192,2569202,3,steady,0.0,1790873569.47,1.01,0.0,0.0,0,772929,2571193,772963,0,0,772944,2571243,2571306,2571306,0,0,19,0.0,0.002,1316.48,0,19,0.0,0.0,3,0.016,0.0,0.0,2570958,2571607,0,start_xmit,2571269,265.6,0.0,0.301,0.0,,0,0.0,False,[],generatore,"nessuna perdita: il DUT non e' saturo, quindi questo e' il rate che il generatore ha saputo offrire, non il massimo della pipeline (cpu gen 79.3%, cpu DUT 64.8%)",79.3,64.8,85.7,666.6,0,3,0,hardcoded,3,confronto
64,0,0.3,1123261,3738917,3738916,,3,steady,0.0,1790873570.03,0.68,0.0,0.0,1592669,2715930,9040319,1123192,0,0,1123178,3738641,3738687,3738687,1592669,69,14,58.642,0.003,1914.18,1592738,14,58.645,0.007,3,59.137,58.645,58.66,3630451,3763586,0,start_xmit,3710892,57785.3,1.6,0.3,3.7,,0,3.7,False,[],pipeline-ingresso,"1592738 pacchetti mai arrivati al programma contro 14 elaborati e non usciti: satura l'ingresso del DUT (cpu gen 79.3%, cpu DUT 79.6%)",79.3,79.6,100.0,534.9,0,3,0,template,3,saturazione
64,1167,0.3,772382,2570847,2570846,2569202,3,steady,0.0,1790873572.01,0.69,0.0,0.0,0,772382,2570847,772350,0,0,772347,2570731,2570741,2570741,0,32,3,0.0,0.005,1316.21,32,3,0.005,0.005,3,0.005,0.0,0.004,2570576,2571300,0,start_xmit,2570869,311.3,0.0,0.301,0.0,,0,0.0,False,[],generatore,"nessuna perdita: il DUT non e' saturo, quindi questo e' il rate che il generatore ha saputo offrire, non il massimo della pipeline (cpu gen 79.4%, cpu DUT 72.1%)",79.4,72.1,92.3,718.1,0,3,0,template,3,confronto
64,0,0.301,874769,2910625,2910624,,3,steady,0.0,1790873573.56,0.88,0.0,0.0,1838329,2713098,9027310,874893,0,0,874939,2911190,2911037,2911037,1838329,0,0,67.758,0.0,1490.53,1838205,0,67.751,0.0,3,67.851,67.693,67.751,2904829,2912088,0,start_xmit,2909369,3231.1,0.1,0.301,0.2,,0,0.2,False,[],pipeline-ingresso,"1838205 pacchetti mai arrivati al programma contro 0 elaborati e non usciti: satura l'ingresso del DUT (cpu gen 79.4%, cpu DUT 79.5%)",79.4,79.5,100.0,687.0,0,3,0,modular,3,saturazione
64,1167,0.301,702504,2337343,2337341,2569202,3,steady,0.0,1790873574.55,0.86,0.0,0.0,70084,772588,2570524,702597,0,0,702675,2337912,2337652,2337652,70084,0,0,9.071,0.0,1197.01,69991,0,9.049,0.0,3,9.913,8.599,9.049,2315988,2349718,0,start_xmit,2334539,13975.2,0.6,0.3,1.5,,0,1.5,False,[],pipeline-ingresso,"69991 pacchetti mai arrivati al programma contro 0 elaborati e non usciti: satura l'ingresso del DUT (cpu gen 79.1%, cpu DUT 75.5%)",79.1,75.5,96.5,825.6,0,3,0,modular,3,confronto
