tempo,t_s,temp_pacchetto_c,throttle_core,throttle_pacchetto,powerclamp,raffreddamento_cpu,alimentazione_rete,mhz_cpu6,mhz_cpu8,mhz_cpu10
16:49:21,0.0,59.0,0,387,0,0,0,3500,3500,3500
16:49:22,1.0,58.0,0,387,0,0,0,3500,3499,3500
16:49:23,2.0,57.0,0,387,0,0,0,3500,3499,3495
16:49:24,3.0,57.0,0,387,0,0,0,3500,3503,3500
16:49:25,4.01,60.0,0,387,0,0,0,3498,3500,3500
16:49:26,5.01,60.0,0,387,0,0,0,3502,3500,3500
16:49:27,6.01,56.0,0,387,0,0,0,3500,3500,3493
16:49:28,7.01,60.0,0,387,0,0,0,3498,3503,3500
16:49:29,8.01,74.0,0,387,0,0,0,3499,3500,3400
16:49:30,9.01,71.0,0,387,0,0,0,3499,3499,3400
16:49:31,10.02,72.0,0,387,0,0,0,3499,3500,3400
16:49:32,11.02,74.0,0,387,0,0,0,3500,3499,3400
16:49:33,12.02,74.0,0,387,0,0,0,3500,3500,3400
16:49:34,13.02,77.0,0,387,0,0,0,3500,3499,3400
16:49:35,14.02,71.0,0,387,0,0,0,3499,3500,3400
16:49:36,15.03,72.0,0,387,0,0,0,3500,3500,3400
16:49:37,16.03,73.0,0,387,0,0,0,3500,3500,3399
16:49:38,17.03,75.0,0,387,0,0,0,3499,3499,3400
16:49:39,18.03,77.0,0,387,0,0,0,3499,3500,3400
16:49:40,19.03,80.0,0,387,0,0,0,3500,3500,3400
16:49:41,20.03,79.0,0,387,0,0,0,3500,3500,3400
16:49:42,21.04,76.0,0,387,0,0,0,3500,3499,3400
16:49:43,22.04,75.0,0,387,0,0,0,3499,3500,3399
16:49:44,23.04,73.0,0,387,0,0,0,3500,3500,3399
16:49:45,24.04,67.0,0,387,0,0,0,3499,3499,3399
16:49:46,25.04,76.0,0,387,0,0,0,3500,3500,3400
16:49:47,26.04,78.0,0,387,0,0,0,3500,3500,3400
16:49:48,27.05,61.0,0,387,0,0,0,3500,3500,3400
