tempo,t_s,temp_pacchetto_c,throttle_core,throttle_pacchetto,powerclamp,raffreddamento_cpu,alimentazione_rete,mhz_cpu10,mhz_cpu12
16:59:03,0.0,62.0,0,481,0,0,0,3500,2916
16:59:04,1.0,60.0,0,481,0,0,0,3500,3500
16:59:05,2.0,59.0,0,481,0,0,0,3489,1609
16:59:06,3.0,59.0,0,481,0,0,0,3500,3500
16:59:07,4.01,60.0,0,481,0,0,0,3500,3500
16:59:08,5.01,60.0,0,481,0,0,0,3500,2340
16:59:09,6.01,58.0,0,481,0,0,0,3500,3500
16:59:10,7.01,64.0,0,481,0,0,0,3400,3183
16:59:11,8.01,63.0,0,481,0,0,0,3400,3436
16:59:12,9.01,62.0,0,481,0,0,0,3400,3365
16:59:13,10.02,60.0,0,481,0,0,0,3400,3500
16:59:14,11.02,63.0,0,481,0,0,0,3400,3109
16:59:15,12.02,63.0,0,481,0,0,0,3400,3186
16:59:16,13.02,59.0,0,481,0,0,0,3516,3144
16:59:17,14.02,59.0,0,481,0,0,0,3411,3500
16:59:18,15.02,62.0,0,481,0,0,0,3400,3377
16:59:19,16.02,62.0,0,481,0,0,0,3400,3337
16:59:20,17.03,57.0,0,481,0,0,0,3500,3500
16:59:21,18.03,61.0,0,481,0,0,0,3500,3235
16:59:22,19.03,62.0,0,481,0,0,0,3499,3422
16:59:23,20.03,61.0,0,481,0,0,0,3400,3219
16:59:24,21.03,56.0,0,481,0,0,0,3400,3500
16:59:25,22.03,62.0,0,481,0,0,0,3400,3400
16:59:26,23.04,61.0,0,481,0,0,0,3399,3411
16:59:27,24.04,57.0,0,481,0,0,0,3500,3109
