tempo,t_s,temp_pacchetto_c,throttle_core,throttle_pacchetto,powerclamp,raffreddamento_cpu,alimentazione_rete,mhz_cpu1,mhz_cpu3,mhz_cpu5,mhz_cpu6,mhz_cpu8,mhz_cpu10
16:36:03,0.0,55.0,3396,5409,0,0,1,3500,3398,3401,3470,3500,3500
16:36:04,1.0,56.0,3396,5409,0,0,1,3500,3500,3500,3500,3500,3500
16:36:05,2.0,56.0,3396,5409,0,0,1,3500,3500,3500,3500,3500,3500
16:36:06,3.01,56.0,3396,5409,0,0,1,3500,3400,3398,3504,3500,3496
16:36:07,4.01,56.0,3396,5409,0,0,1,3500,3400,3500,3500,3500,3500
16:36:08,5.01,57.0,3396,5409,0,0,1,3500,3500,3500,3500,3500,3500
16:36:09,6.01,56.0,3396,5409,0,0,1,3500,3400,3400,3500,3500,3496
16:36:10,7.02,58.0,3396,5409,0,0,1,3500,3500,3500,3500,3500,3500
16:36:11,8.02,58.0,3396,5409,0,0,1,3500,3500,3500,3490,3500,3500
16:36:12,9.02,56.0,3396,5409,0,0,1,3502,3400,3400,3500,3500,3500
16:36:13,10.02,72.0,3396,5409,0,0,1,3400,3401,3500,3400,3500,3400
16:36:14,11.03,80.0,3396,5409,0,0,1,3363,3499,3500,3400,3499,3500
16:36:15,12.03,83.0,3396,5409,0,0,1,3500,3500,3500,3500,3500,3500
16:36:16,13.03,80.0,3396,5409,0,0,1,3400,3500,3499,3500,3500,3499
16:36:17,14.03,80.0,3396,5409,0,0,1,3500,3499,3500,3500,3500,3500
16:36:18,15.04,84.0,3396,5409,0,0,1,3500,3500,3499,3500,3499,3500
16:36:19,16.04,86.0,3396,5409,0,0,1,3499,3500,3499,3500,3500,3500
16:36:20,17.04,87.0,3396,5409,0,0,1,3400,3500,3500,3500,3499,3500
16:36:21,18.05,79.0,3396,5409,0,0,1,3400,3500,3500,3500,3500,3400
16:36:22,19.05,87.0,3396,5409,0,0,1,3357,3500,3500,3500,3500,3400
16:36:23,20.05,85.0,3396,5409,0,0,1,3400,3500,3500,3500,3499,3499
16:36:24,21.05,85.0,3396,5409,0,0,1,3348,3500,3500,3500,3500,3400
16:36:25,22.06,87.0,3396,5409,0,0,1,3400,3500,3500,3500,3500,3499
16:36:26,23.06,89.0,3396,5409,0,0,1,3300,3500,3499,3500,3499,3500
16:36:27,24.06,91.0,3396,5409,0,0,1,3299,3500,3500,3500,3499,3400
16:36:28,25.06,84.0,3396,5409,0,0,1,3300,3505,3497,3500,3500,3399
16:36:29,26.07,82.0,3396,5409,0,0,1,3362,3500,3500,3500,3499,3499
16:36:30,27.07,91.0,3396,5409,0,0,1,3300,3500,3500,3499,3500,3400
16:36:31,28.07,86.0,3396,5409,0,0,1,3310,3500,3500,3499,3500,3500
16:36:32,29.07,86.0,3396,5409,0,0,1,3400,3500,3499,3500,3499,3499
16:36:33,30.08,86.0,3396,5409,0,0,1,3400,3499,3499,3500,3500,3400
16:36:34,31.08,87.0,3396,5409,0,0,1,3400,3500,3500,3500,3500,3500
16:36:35,32.08,89.0,3396,5409,0,0,1,3400,3500,3500,3500,3499,3500
16:36:36,33.08,89.0,3396,5409,0,0,1,3400,3500,3500,3500,3500,3500
