frame,delay,secs,tx,tx_pps,tx_pps_sum,offered_pps,gen_threads,window_mode,gen_start_offset_ms,t_wall,read_ms,gen_skew_pct,gen_rate_mismatch_pct,gen_errors,offered_tx,offered_real_pps,hit,miss,drop,rx,rx_pps,hit_pps,proc_pps,respinti,persi_in_coda,persi_dopo,respinti_pct,loss_dut_pct,rx_mbps,lost_before,lost_after,loss_pct,loss_wire_pct,repeat,loss_worst,loss_best,loss_med,rx_pps_min,rx_pps_max,burst,xmit_mode,rx_pps_mean,rx_pps_std,rx_pps_cv_pct,secs_mean,spread_pct,spread_iqr_pct,ripetizioni_anomale,spread_deciso_pct,unreliable,invalid_reason,bottleneck,bottleneck_why,cpu_gen_pct,cpu_dut_pct,softnet_dropped,threads,clone_skb,method,round,phase
64,0,0.3,4574452,15239450,15239450,,1,steady,,1790796552.22,0.14,0.0,0.0,27163,4601615,15329942,4574452,0,0,4573464,15236159,15239450,15239450,27163,0,988,0.59,0.021,7800.91,27163,988,0.612,0.022,3,0.646,0.522,0.612,14953804,15945892,0,start_xmit,15378618,417357.3,2.7,0.3,6.6,,0,6.6,False,[],pipeline-ingresso,"27163 pacchetti mai arrivati al programma contro 988 elaborati e non usciti: satura l'ingresso del DUT (cpu gen 75.7%, cpu DUT 59.0%)",75.7,59.0,0,1,0,rxonly,1,saturazione
64,0,0.3,1232391,4106309,4106309,,1,steady,,1790796554.26,0.21,0.0,0.0,958104,2190495,7298699,1232391,0,0,1232111,4105376,4106309,4106309,958104,0,280,43.739,0.013,2101.95,958104,280,43.752,0.023,3,45.033,43.752,43.768,3974339,4200661,0,start_xmit,4093458,92779.1,2.3,0.3,5.7,,0,5.7,False,[],pipeline-ingresso,"958104 pacchetti mai arrivati al programma contro 280 elaborati e non usciti: satura l'ingresso del DUT (cpu gen 81.9%, cpu DUT 81.1%)",81.9,81.1,0,1,0,baseline,1,saturazione
64,0,0.3,948642,3159519,3159519,,1,steady,,1790796556.33,0.3,0.0,0.0,1406704,2355346,7844646,948642,0,0,949182,3161317,3159519,3159519,1406704,0,0,59.724,0.0,1618.59,1406704,0,59.701,0.0,3,60.17,59.701,59.943,3061072,3273129,0,start_xmit,3165172,86614.8,2.7,0.3,6.9,,0,6.9,False,[],pipeline-ingresso,"1406704 pacchetti mai arrivati al programma contro 0 elaborati e non usciti: satura l'ingresso del DUT (cpu gen 81.3%, cpu DUT 80.1%)",81.3,80.1,0,1,0,p1_static,1,saturazione
64,0,0.3,966684,3219478,3219478,,1,steady,,1790796556.85,0.46,0.0,0.0,1535396,2502080,8333016,966684,0,0,965760,3216401,3219478,3219478,1535396,0,924,61.365,0.037,1646.8,1535396,924,61.402,0.096,3,61.891,61.199,61.402,3187119,3455639,0,start_xmit,3286386,120275.3,3.7,0.3,8.4,,0,8.4,False,[],pipeline-ingresso,"1535396 pacchetti mai arrivati al programma contro 924 elaborati e non usciti: satura l'ingresso del DUT (cpu gen 82.9%, cpu DUT 81.8%)",82.9,81.8,0,1,0,hardcoded,1,saturazione
64,0,0.3,565712,1884546,1884546,,1,steady,,1790796558.87,0.17,0.0,0.0,2676625,3242337,10801138,565712,0,0,565829,1884935,1884546,1884546,2676625,0,0,82.552,0.0,965.09,2676625,0,82.549,0.0,3,82.581,82.543,82.549,1809974,1934757,0,start_xmit,1876555,51285.9,2.7,0.3,6.9,,0,6.9,False,[],pipeline-ingresso,"2676625 pacchetti mai arrivati al programma contro 0 elaborati e non usciti: satura l'ingresso del DUT (cpu gen 80.0%, cpu DUT 78.1%)",80.0,78.1,0,1,0,template,1,saturazione
64,0,0.3,415940,1385545,1385545,,1,steady,,1790796559.85,0.18,0.0,0.0,3017301,3433241,11436532,415940,0,0,415962,1385618,1385545,1385545,3017301,0,0,87.885,0.0,709.44,3017301,0,87.884,0.0,3,88.077,87.588,87.884,1355031,1450765,0,start_xmit,1397138,39923.1,2.9,0.3,7.1,,0,7.1,False,[],pipeline-ingresso,"3017301 pacchetti mai arrivati al programma contro 0 elaborati e non usciti: satura l'ingresso del DUT (cpu gen 78.6%, cpu DUT 77.3%)",78.6,77.3,0,1,0,modular,1,saturazione
64,0,0.3,4388880,14622868,14622868,,1,steady,,1790796561.28,0.16,0.0,0.0,31422,4420302,14727560,4388880,0,0,4388639,14622065,14622868,14622868,31422,0,241,0.711,0.005,7486.5,31422,241,0.716,0.005,3,0.889,0.55,0.716,14428072,14683820,0,start_xmit,14577985,108961.8,0.7,0.3,1.8,,0,1.8,False,[],pipeline-ingresso,"31422 pacchetti mai arrivati al programma contro 241 elaborati e non usciti: satura l'ingresso del DUT (cpu gen 74.5%, cpu DUT 57.8%)",74.5,57.8,0,1,0,rxonly,2,saturazione
64,0,0.3,1272800,4240040,4240040,,1,steady,,1790796563.27,0.18,0.0,0.0,968790,2241590,7467342,1272800,0,0,1272838,4240167,4240040,4240040,968790,0,0,43.219,0.0,2170.97,968790,0,43.217,0.0,3,44.296,43.217,44.254,4069351,4520966,0,start_xmit,4276828,186184.6,4.4,0.3,11.1,,0,11.1,False,[],pipeline-ingresso,"968790 pacchetti mai arrivati al programma contro 0 elaborati e non usciti: satura l'ingresso del DUT (cpu gen 81.1%, cpu DUT 79.9%)",81.1,79.9,0,1,0,baseline,2,saturazione
64,0,0.3,1023890,3410112,3410112,,1,steady,,1790796564.73,0.32,0.0,0.0,1498083,2521973,8399545,1023890,0,0,1024336,3411597,3410112,3410112,1498083,0,0,59.401,0.0,1746.74,1498083,0,59.384,0.0,3,60.46,59.384,59.536,3199456,3513309,0,start_xmit,3374787,130746.9,3.9,0.3,9.8,,0,9.8,False,[],pipeline-ingresso,"1498083 pacchetti mai arrivati al programma contro 0 elaborati e non usciti: satura l'ingresso del DUT (cpu gen 81.6%, cpu DUT 80.4%)",81.6,80.4,0,1,0,p1_static,2,saturazione
64,0,0.3,955104,3181060,3181060,,1,steady,,1790796565.71,0.3,0.0,0.0,1560358,2515462,8377975,955104,0,0,955115,3181097,3181060,3181060,1560358,0,0,62.031,0.0,1628.72,1560358,0,62.03,0.0,3,62.03,61.318,61.436,3169322,3382123,0,start_xmit,3244180,97658.3,3.0,0.3,6.7,,0,6.7,False,[],pipeline-ingresso,"1560358 pacchetti mai arrivati al programma contro 0 elaborati e non usciti: satura l'ingresso del DUT (cpu gen 83.2%, cpu DUT 82.6%)",83.2,82.6,0,1,0,hardcoded,2,saturazione
64,0,0.3,549408,1830495,1830495,,1,steady,,1790796568.25,0.17,0.0,0.0,2564367,3113775,10374348,549408,0,0,549280,1830068,1830495,1830495,2564367,0,128,82.356,0.004,937.0,2564367,128,82.36,0.023,3,82.439,82.36,82.399,1805970,1840545,0,start_xmit,1825527,14475.7,0.8,0.3,1.9,,0,1.9,False,[],pipeline-ingresso,"2564367 pacchetti mai arrivati al programma contro 128 elaborati e non usciti: satura l'ingresso del DUT (cpu gen 77.4%, cpu DUT 76.3%)",77.4,76.3,0,1,0,template,2,saturazione
64,0,0.3,424295,1413586,1413586,,1,steady,,1790796569.22,0.14,0.0,0.0,3006526,3430821,11430163,424295,0,0,424311,1413639,1413586,1413586,3006526,0,0,87.633,0.0,723.78,3006526,0,87.632,0.0,3,88.061,87.632,87.942,1379000,1451083,0,start_xmit,1414574,29435.2,2.1,0.3,5.2,,0,5.2,False,[],pipeline-ingresso,"3006526 pacchetti mai arrivati al programma contro 0 elaborati e non usciti: satura l'ingresso del DUT (cpu gen 79.1%, cpu DUT 77.9%)",79.1,77.9,0,1,0,modular,2,saturazione
64,0,0.3,4600629,15326188,15326188,,1,steady,,1790796570.14,0.16,0.0,0.0,54972,4655601,15509317,4600629,0,0,4600458,15325618,15326188,15326188,54972,0,171,1.181,0.004,7846.72,54972,171,1.184,0.004,3,1.184,0.73,1.133,15089113,15588838,0,start_xmit,15334523,204109.0,1.3,0.3,3.3,,0,3.3,False,[],pipeline-ingresso,"54972 pacchetti mai arrivati al programma contro 171 elaborati e non usciti: satura l'ingresso del DUT (cpu gen 71.3%, cpu DUT 56.2%)",71.3,56.2,0,1,0,rxonly,3,saturazione
64,0,0.3,1336560,4451426,4451426,,1,steady,,1790796572.55,0.22,0.0,0.0,1032003,2368563,7888522,1336560,0,0,1336516,4451279,4451426,4451426,1032003,0,44,43.571,0.002,2279.06,1032003,44,43.573,0.003,3,44.17,43.573,43.963,4420802,4650755,0,start_xmit,4507612,101979.2,2.3,0.3,5.2,,0,5.2,False,[],pipeline-ingresso,"1032003 pacchetti mai arrivati al programma contro 44 elaborati e non usciti: satura l'ingresso del DUT (cpu gen 86.8%, cpu DUT 85.4%)",86.8,85.4,0,1,0,baseline,3,saturazione
64,0,0.3,974097,3244274,3244274,,1,steady,,1790796573.57,0.3,0.0,0.0,1426722,2400819,7996038,974097,0,0,974512,3245657,3244274,3244274,1426722,0,0,59.426,0.0,1661.78,1426722,0,59.409,0.0,3,59.702,59.409,59.69,3119480,3505765,0,start_xmit,3290300,160828.7,4.9,0.3,12.4,,0,12.4,False,[],pipeline-ingresso,"1426722 pacchetti mai arrivati al programma contro 0 elaborati e non usciti: satura l'ingresso del DUT (cpu gen 82.4%, cpu DUT 81.2%)",82.4,81.2,0,1,0,p1_static,3,saturazione
64,0,0.3,950175,3165026,3165026,,1,steady,,1790796575.56,0.25,0.0,0.0,1517542,2467717,8219949,950175,0,0,950064,3164657,3165026,3165026,1517542,0,111,61.496,0.004,1620.3,1517542,111,61.5,0.012,3,62.18,61.5,62.056,2892762,3246602,0,start_xmit,3101340,151233.7,4.9,0.3,12.2,,0,12.2,False,[],pipeline-ingresso,"1517542 pacchetti mai arrivati al programma contro 111 elaborati e non usciti: satura l'ingresso del DUT (cpu gen 82.3%, cpu DUT 81.2%)",82.3,81.2,0,1,0,hardcoded,3,saturazione
64,0,0.3,549382,1830421,1830421,,1,steady,,1790796577.11,0.13,0.0,0.0,2549545,3098927,10324950,549382,0,0,549408,1830507,1830421,1830421,2549545,0,0,82.272,0.0,937.22,2549545,0,82.271,0.0,3,82.409,82.271,82.306,1829585,1854118,0,start_xmit,1838070,11353.9,0.6,0.3,1.3,,0,1.3,False,[],pipeline-ingresso,"2549545 pacchetti mai arrivati al programma contro 0 elaborati e non usciti: satura l'ingresso del DUT (cpu gen 80.0%, cpu DUT 78.8%)",80.0,78.8,0,1,0,template,3,saturazione
64,0,0.3,395977,1319181,1319181,,1,steady,,1790796578.58,0.15,0.0,0.0,2909707,3305684,11012753,395977,0,0,395977,1319181,1319181,1319181,2909707,0,0,88.021,0.0,675.42,2909707,0,88.021,0.0,3,88.021,87.923,87.984,1293141,1325915,0,start_xmit,1312745,14132.6,1.1,0.3,2.5,,0,2.5,False,[],pipeline-ingresso,"2909707 pacchetti mai arrivati al programma contro 0 elaborati e non usciti: satura l'ingresso del DUT (cpu gen 75.9%, cpu DUT 74.7%)",75.9,74.7,0,1,0,modular,3,saturazione
