round,method,frame,rate_req_pps,delay_ns,secs,tx,hit,rx,gen_errors,offered_tx,tx_minus_hit,hit_minus_rx,respinti_pct,loss_dut_pct,loss_tot_pct,window_mode,residui_finestra,rx_pps,tx_pps,rx_mbps,samples,pipe_min_ns,pipe_p50_ns,pipe_p90_ns,pipe_p99_ns,pipe_avg_ns,pipe_max_ns,pipe_n,e2e_min_ns,e2e_p50_ns,e2e_p90_ns,e2e_p99_ns,e2e_avg_ns,e2e_max_ns,e2e_n,xport_min_ns,xport_p50_ns,xport_p90_ns,xport_p99_ns,xport_avg_ns,xport_max_ns,xport_n
0,baseline,64,300000,3333,0.3,90019,90022,90022,0,90019,0,0,0.0,0.0,0.0,steady,0,299910,299900,153.55,120222,28,128,256,256,53,6844,120222,264,2048,4096,4096,793,14077,120222,228,2048,4096,4096,739,8103,120222
0,p1_static,64,300000,3333,0.3,90049,90051,90048,0,90049,0,3,0.0,0.003,0.003,steady,0,300025,300028,153.61,120425,70,256,256,1024,99,1262,120425,312,2048,4096,4096,865,7986,120425,235,2048,4096,4096,766,7908,120425
0,hardcoded,64,300000,3333,0.3,90030,90032,90033,0,90030,0,0,0.0,0.0,0.0,steady,0,299954,299944,153.58,120172,83,512,512,1024,136,1500,120172,328,2048,4096,4096,904,16816,120172,229,2048,4096,4096,767,16685,120172
0,template,64,300000,3333,0.3,90075,90082,90084,0,90075,0,0,0.0,0.0,0.0,steady,0,300071,300041,153.64,120300,268,1024,1024,2048,323,2067,120300,535,4096,4096,4096,1108,9262,120300,256,2048,4096,4096,784,8985,120300
0,modular,64,300000,3333,0.3,90044,90047,90044,0,90044,0,3,0.0,0.003,0.003,steady,0,300015,300015,153.61,120233,439,1024,2048,2048,501,5587,120233,710,4096,4096,8192,1293,11588,120233,253,2048,4096,4096,792,10835,120233
0,baseline,64,600000,1667,0.3,180085,180085,180078,4,180089,0,7,0.002,0.004,0.006,steady,0,599864,599887,307.13,240299,28,128,256,256,54,1717,240299,284,4096,8192,8192,1601,10263,240299,249,4096,8192,8192,1547,10227,240299
0,p1_static,64,600000,1667,0.3,180034,180036,180051,0,180034,0,0,0.0,0.0,0.0,steady,0,599917,599861,307.16,240622,72,256,512,1024,112,1719,240622,326,4096,8192,8192,1614,14459,240622,248,4096,8192,8192,1501,13932,240622
0,hardcoded,64,600000,1667,0.3,180046,180050,180055,0,180046,0,0,0.0,0.0,0.0,steady,0,599871,599841,307.13,240332,83,512,512,1024,134,2474,240332,342,4096,8192,8192,1703,8880,240332,245,4096,8192,8192,1568,8712,240332
0,template,64,600000,1667,0.3,180027,180027,180026,1,180028,0,1,0.001,0.001,0.001,steady,0,599871,599874,307.13,240579,265,1024,1024,2048,326,2250,240579,532,4096,8192,8192,1905,12472,240579,257,4096,8192,8192,1579,12191,240579
0,modular,64,600000,1667,0.3,179946,179946,179947,1,179947,0,0,0.001,0.0,0.001,steady,0,599614,599611,307.0,240709,435,1024,1024,2048,493,4229,240709,681,4096,8192,8192,2040,14156,240709,241,4096,8192,8192,1546,13712,240709
1,modular,64,300000,3333,0.3,90047,90047,90050,1,90048,0,0,0.001,0.0,0.001,steady,0,300043,300033,153.62,120218,434,1024,1024,2048,488,5094,120218,691,4096,4096,8192,1293,11383,120218,246,2048,4096,4096,804,10795,120218
1,template,64,300000,3333,0.3,90045,90045,90046,1,90046,0,0,0.001,0.0,0.001,steady,0,300030,300027,153.62,120134,269,1024,1024,2048,324,3293,120134,539,4096,4096,4096,1101,8136,120134,244,2048,4096,4096,777,7395,120134
1,hardcoded,64,300000,3333,0.3,90058,90058,90054,17,90075,0,4,0.019,0.004,0.023,steady,0,299985,299998,153.59,120721,87,512,512,1024,136,2700,120721,323,2048,4096,4096,884,13034,120721,229,2048,4096,4096,748,12799,120721
1,p1_static,64,300000,3333,0.3,90047,90047,90048,2,90049,0,0,0.002,0.0,0.002,steady,0,300031,300028,153.62,120147,71,256,256,512,97,1473,120147,310,2048,4096,4096,865,9378,120147,230,2048,4096,4096,767,8986,120147
1,baseline,64,300000,3333,0.3,90016,90017,90017,0,90016,0,0,0.0,0.0,0.0,steady,0,299932,299929,153.57,120384,28,128,256,256,52,1027,120384,269,2048,4096,4096,835,12103,120384,233,2048,4096,4096,783,12068,120384
1,modular,64,600000,1667,0.3,180036,180036,180033,1,180037,0,3,0.001,0.002,0.002,steady,0,599875,599885,307.14,240281,434,1024,1024,2048,482,5517,240281,697,4096,8192,8192,1997,12924,240281,257,4096,8192,8192,1514,12486,240281
1,template,64,600000,1667,0.3,179967,179969,179964,0,179967,0,5,0.0,0.003,0.003,steady,0,599611,599621,307.0,240205,268,1024,1024,2048,333,4478,240205,541,4096,8192,8192,1949,13013,240205,256,4096,8192,8192,1616,11805,240205
1,hardcoded,64,600000,1667,0.3,180041,180041,180032,15,180056,0,9,0.008,0.005,0.013,steady,0,599827,599857,307.11,240355,85,512,512,1024,126,1797,240355,338,4096,8192,8192,1627,9368,240355,246,4096,8192,8192,1501,9274,240355
1,p1_static,64,600000,1667,0.3,180042,180042,180047,10,180052,0,0,0.006,0.0,0.006,steady,0,599879,599862,307.14,241336,71,256,512,512,110,1579,241336,329,4096,8192,8192,1631,8515,241336,251,4096,8192,8192,1520,8437,241336
1,baseline,64,600000,1667,0.3,180044,180048,180043,0,180044,0,5,0.0,0.003,0.003,steady,0,599900,599904,307.15,240893,28,128,256,512,55,4337,240893,288,4096,8192,8192,1604,19552,240893,251,4096,8192,8192,1548,19208,240893
2,baseline,64,300000,3333,0.3,90034,90034,90034,0,90034,0,0,0.0,0.0,0.0,steady,0,300046,300046,153.62,120651,27,128,256,512,55,349,120651,271,2048,4096,4096,870,7209,120651,243,2048,4096,4096,815,7174,120651
2,p1_static,64,300000,3333,0.3,90043,90043,90047,5,90048,0,0,0.006,0.0,0.006,steady,0,300031,300018,153.62,120640,71,256,512,1024,104,945,120640,304,2048,4096,4096,871,7871,120640,228,2048,4096,4096,767,7792,120640
2,hardcoded,64,300000,3333,0.3,90049,90049,90049,1,90050,0,0,0.001,0.0,0.001,steady,0,300024,300024,153.61,120234,83,512,512,1024,140,1817,120234,350,2048,4096,4096,923,8035,120234,229,2048,4096,4096,783,7908,120234
2,template,64,300000,3333,0.3,90028,90029,90027,0,90028,0,2,0.0,0.002,0.002,steady,0,299932,299935,153.57,120715,268,1024,1024,2048,336,2883,120715,525,4096,4096,8192,1140,13440,120715,240,2048,4096,4096,804,10992,120715
2,modular,64,300000,3333,0.3,90065,90069,90073,0,90065,0,0,0.0,0.0,0.0,steady,0,300064,300037,153.63,120180,431,1024,1024,2048,484,4272,120180,690,4096,4096,8192,1279,10389,120180,252,2048,4096,4096,795,9427,120180
2,baseline,64,600000,1667,0.3,179962,179963,179962,0,179962,0,1,0.0,0.001,0.001,steady,0,599630,599630,307.01,241253,28,128,256,512,55,777,241253,270,4096,8192,8192,1591,9798,241253,235,4096,8192,8192,1536,9714,241253
2,p1_static,64,600000,1667,0.3,180091,180103,180102,0,180091,0,1,0.0,0.001,0.001,steady,0,599918,599882,307.16,241319,73,256,512,512,112,1539,241319,326,4096,8192,8192,1646,15596,241319,240,4096,8192,8192,1533,15518,241319
2,hardcoded,64,600000,1667,0.3,180052,180052,180049,5,180057,0,3,0.003,0.002,0.004,steady,0,599878,599888,307.14,240222,86,512,512,1024,132,1686,240222,345,4096,8192,8192,1654,10130,240222,250,4096,8192,8192,1522,10000,240222
2,template,64,600000,1667,0.3,180047,180047,180047,0,180047,0,0,0.0,0.0,0.0,steady,0,599897,599897,307.15,240484,271,1024,1024,2048,322,3273,240484,542,4096,8192,8192,1825,14055,240484,249,4096,8192,8192,1502,13747,240484
2,modular,64,600000,1667,0.3,180029,180029,180032,4,180033,0,0,0.002,0.0,0.002,steady,0,599874,599864,307.14,240370,436,1024,1024,2048,484,4876,240370,703,4096,8192,8192,1987,15508,240370,254,4096,8192,8192,1503,15021,240370
