frame,delay,secs,tx,tx_pps,tx_pps_sum,offered_pps,gen_threads,window_mode,gen_start_offset_ms,t_wall,read_ms,gen_skew_pct,gen_rate_mismatch_pct,gen_errors,offered_tx,offered_real_pps,hit,miss,drop,rx,rx_pps,hit_pps,proc_pps,respinti,persi_in_coda,persi_dopo,respinti_pct,loss_dut_pct,rx_mbps,lost_before,lost_after,loss_pct,loss_wire_pct,repeat,loss_worst,loss_best,loss_med,rx_pps_min,rx_pps_max,burst,xmit_mode,rx_pps_mean,rx_pps_std,rx_pps_cv_pct,secs_mean,spread_pct,spread_iqr_pct,ripetizioni_anomale,spread_deciso_pct,unreliable,invalid_reason,bottleneck,bottleneck_why,cpu_gen_pct,cpu_dut_pct_punto,cpu_dut_pct,ns_cpu,softnet_dropped,instr_pkt,cycles_pkt,ipc,llc_miss_pkt,br_miss_pkt,dut_ghz_busy,egress_cycles_pkt,egress_ipc,threads,clone_skb,method,round,phase
64,0,0.3,4549276,15141739,15141739,,1,steady,,1791298691.97,0.67,0.0,0.0,7396,4556672,15166356,4549276,0,0,4549291,15141789,15141739,15141739,7396,0,0,0.162,0.0,7752.6,7396,0,0.162,0.0,3,1.273,0.06,0.162,11802670,15269830,0,start_xmit,14071429,1605106.7,11.4,0.3,29.4,,0,29.4,True,['dispersione fra le ripetizioni 29.4% (min-max 29.4%)'],indeterminato,misura non affidabile: dispersione fra le ripetizioni 29.4% (min-max 29.4%),96.0,87.3,100.0,66.0,0,606.2,229.5,2.641,0.01,0.095,3.457,224.3,1.806,1,0,baseline,1,saturazione
64,0,0.3,2634328,8769907,8769907,,1,steady,,1791298692.43,0.56,0.0,0.0,877679,3512007,11691776,2634328,0,0,2634444,8770293,8769907,8769907,877679,0,0,24.991,0.0,4490.39,877679,0,24.988,0.0,3,24.988,24.4,24.911,8441033,8962671,0,start_xmit,8724665,215387.9,2.5,0.3,6.2,,0,6.2,False,[],pipeline-ingresso,"877679 pacchetti mai arrivati al programma contro 0 elaborati e non usciti: satura l'ingresso del DUT (cpu gen 93.1%, cpu DUT 93.1%)",93.1,93.1,100.0,114.0,0,1209.7,398.3,3.037,0.023,0.099,3.498,358.0,1.166,1,0,p1_static,1,saturazione
64,0,0.3,2427329,8081624,8081624,,1,steady,,1791298694.15,0.52,0.0,0.0,903693,3331022,11090408,2427329,0,0,2427449,8082024,8081624,8081624,903693,0,0,27.13,0.0,4138.0,903693,0,27.126,0.0,3,29.785,26.888,27.126,7766195,8229298,0,start_xmit,8025839,193190.2,2.4,0.3,6.0,,0,6.0,False,[],pipeline-ingresso,"903693 pacchetti mai arrivati al programma contro 0 elaborati e non usciti: satura l'ingresso del DUT (cpu gen 95.3%, cpu DUT 95.2%)",95.3,95.2,100.0,123.7,0,1415.1,432.3,3.274,0.024,0.104,3.497,387.9,1.094,1,0,hardcoded,1,saturazione
64,0,0.3,1015032,3379480,3379480,,1,steady,,1791298695.86,0.51,0.0,0.0,2521354,3536386,11774158,1015032,0,0,1015049,3379537,3379480,3379480,2521354,0,0,71.297,0.0,1730.32,2521354,0,71.297,0.0,3,71.297,71.193,71.213,3359983,3458994,0,start_xmit,3399504,42816.1,1.3,0.3,2.9,,0,2.9,False,[],pipeline-ingresso,"2521354 pacchetti mai arrivati al programma contro 0 elaborati e non usciti: satura l'ingresso del DUT (cpu gen 95.3%, cpu DUT 94.5%)",95.3,94.5,100.0,295.9,0,4559.2,1033.7,4.41,0.038,0.158,3.498,759.2,0.687,1,0,template,1,saturazione
64,0,0.3,673381,2242470,2242470,,1,steady,,1791298697.15,0.43,0.0,0.0,3258026,3931407,13092239,673381,0,0,673382,2242474,2242470,2242470,3258026,0,0,82.872,0.0,1148.15,3258026,0,82.872,0.0,3,82.872,82.802,82.833,2188138,2281364,0,start_xmit,2237325,38233.1,1.7,0.3,4.3,,0,4.3,False,[],pipeline-ingresso,"3258026 pacchetti mai arrivati al programma contro 0 elaborati e non usciti: satura l'ingresso del DUT (cpu gen 95.3%, cpu DUT 94.5%)",95.3,94.5,100.0,445.9,0,6576.4,1557.5,4.221,0.033,0.176,3.497,880.4,0.604,1,0,modular,1,saturazione
64,0,0.3,4566664,15201125,15201125,,1,steady,,1791298698.43,0.63,0.0,0.0,6541,4573205,15222898,4566664,0,0,4566110,15199281,15201125,15201125,6541,0,554,0.143,0.012,7782.03,6541,554,0.155,0.012,3,0.155,0.05,0.061,15071202,15254073,0,start_xmit,15174852,76629.1,0.5,0.3,1.2,,0,1.2,False,[],pipeline-ingresso,"6541 pacchetti mai arrivati al programma contro 554 elaborati e non usciti: satura l'ingresso del DUT (cpu gen 95.3%, cpu DUT 94.4%)",95.3,94.4,100.0,65.8,0,606.1,228.1,2.656,0.01,0.097,3.471,223.0,1.815,1,0,baseline,2,saturazione
64,0,0.3,2538643,8451610,8451610,,1,steady,,1791298699.3,0.61,0.0,0.0,832424,3371067,11222903,2538643,0,0,2538667,8451690,8451610,8451610,832424,0,0,24.693,0.0,4327.27,832424,0,24.692,0.0,3,25.069,24.623,24.692,8336197,8553917,0,start_xmit,8447268,88938.8,1.1,0.3,2.6,,0,2.6,False,[],pipeline-ingresso,"832424 pacchetti mai arrivati al programma contro 0 elaborati e non usciti: satura l'ingresso del DUT (cpu gen 95.2%, cpu DUT 94.5%)",95.2,94.5,100.0,118.3,0,1209.7,413.2,2.926,0.02,0.102,3.497,372.8,1.125,1,0,p1_static,2,saturazione
64,0,0.3,2411894,8029664,8029664,,1,steady,,1791298700.59,0.57,0.0,0.0,922561,3334455,11101048,2411894,0,0,2411907,8029707,8029664,8029664,922561,0,0,27.668,0.0,4111.21,922561,0,27.667,0.0,3,27.667,26.892,27.378,8027256,8130427,0,start_xmit,8062463,48068.0,0.6,0.3,1.3,,0,1.3,False,[],pipeline-ingresso,"922561 pacchetti mai arrivati al programma contro 0 elaborati e non usciti: satura l'ingresso del DUT (cpu gen 94.5%, cpu DUT 93.8%)",94.5,93.8,100.0,124.5,0,1414.9,435.0,3.253,0.031,0.103,3.497,385.7,1.101,1,0,hardcoded,2,saturazione
64,0,0.3,1017084,3386533,3386533,,1,steady,,1791298701.88,0.49,0.0,0.0,2477237,3494321,11634864,1017084,0,0,1017114,3386633,3386533,3386533,2477237,0,0,70.893,0.0,1733.96,2477237,0,70.892,0.0,3,71.346,70.539,70.892,3331991,3495762,0,start_xmit,3404795,68081.5,2.0,0.3,4.9,,0,4.9,False,[],pipeline-ingresso,"2477237 pacchetti mai arrivati al programma contro 0 elaborati e non usciti: satura l'ingresso del DUT (cpu gen 95.3%, cpu DUT 94.5%)",95.3,94.5,100.0,295.3,0,4558.5,1031.5,4.419,0.039,0.162,3.496,758.5,0.682,1,0,template,2,saturazione
64,0,0.3,675209,2248305,2248305,,1,steady,,1791298703.59,0.46,0.0,0.0,3261555,3936764,13108603,675209,0,0,675231,2248378,2248305,2248305,3261555,0,0,82.849,0.0,1151.17,3261555,0,82.848,0.0,3,83.336,82.73,82.848,2209949,2252639,0,start_xmit,2236988,19198.9,0.9,0.3,1.9,,0,1.9,False,[],pipeline-ingresso,"3261555 pacchetti mai arrivati al programma contro 0 elaborati e non usciti: satura l'ingresso del DUT (cpu gen 95.3%, cpu DUT 94.5%)",95.3,94.5,100.0,444.8,0,6576.6,1553.8,4.233,0.036,0.176,3.497,882.2,0.605,1,0,modular,2,saturazione
64,0,0.3,4569802,15210547,15210547,,1,steady,,1791298704.48,0.66,0.0,0.0,10125,4579927,15244248,4569802,0,0,4569472,15209449,15210547,15210547,10125,0,330,0.221,0.007,7787.24,10125,330,0.228,0.007,3,0.228,0.11,0.192,15204039,15289081,0,start_xmit,15234189,38876.8,0.3,0.3,0.6,,0,0.6,False,[],pipeline-ingresso,"10125 pacchetti mai arrivati al programma contro 330 elaborati e non usciti: satura l'ingresso del DUT (cpu gen 94.5%, cpu DUT 92.2%)",94.5,92.2,100.0,65.7,0,606.1,227.0,2.67,0.011,0.096,3.466,221.8,1.824,1,0,baseline,3,saturazione
64,0,0.3,2619054,8719510,8719510,,1,steady,,1791298706.22,0.63,0.0,0.0,903169,3522223,11726393,2619054,0,0,2618759,8718527,8719510,8719510,903169,0,295,25.642,0.008,4463.89,903169,295,25.65,0.011,3,25.65,24.578,25.543,8590860,8934848,0,start_xmit,8748078,141978.6,1.6,0.3,4.0,,0,4.0,False,[],pipeline-ingresso,"903169 pacchetti mai arrivati al programma contro 295 elaborati e non usciti: satura l'ingresso del DUT (cpu gen 93.8%, cpu DUT 93.1%)",93.8,93.1,100.0,114.7,0,1209.4,400.5,3.019,0.026,0.102,3.496,362.2,1.158,1,0,p1_static,3,saturazione
64,0,0.3,2421424,8062657,8062657,,1,steady,,1791298707.52,0.5,0.0,0.0,935118,3356542,11176336,2421424,0,0,2421616,8063297,8062657,8062657,935118,0,0,27.86,0.0,4128.41,935118,0,27.854,0.0,3,28.301,26.334,27.854,8040920,8155140,0,start_xmit,8086452,49421.2,0.6,0.3,1.4,,0,1.4,False,[],pipeline-ingresso,"935118 pacchetti mai arrivati al programma contro 0 elaborati e non usciti: satura l'ingresso del DUT (cpu gen 93.8%, cpu DUT 94.5%)",93.8,94.5,100.0,124.0,0,1415.3,433.2,3.266,0.02,0.103,3.497,390.6,1.089,1,0,hardcoded,3,saturazione
64,0,0.3,1053638,3507682,3507682,,1,steady,,1791298707.96,0.56,0.0,0.0,2607004,3660642,12186698,1053638,0,0,1053705,3507905,3507682,3507682,2607004,0,0,71.217,0.0,1796.05,2607004,0,71.215,0.0,3,71.215,69.807,71.13,3350905,3529076,0,start_xmit,3462628,79471.9,2.3,0.3,5.3,,0,5.3,False,[],pipeline-ingresso,"2607004 pacchetti mai arrivati al programma contro 0 elaborati e non usciti: satura l'ingresso del DUT (cpu gen 94.5%, cpu DUT 94.5%)",94.5,94.5,100.0,285.1,0,4557.9,996.1,4.578,0.031,0.159,3.497,730.4,0.708,1,0,template,3,saturazione
64,0,0.3,679778,2263559,2263559,,1,steady,,1791298710.11,0.46,0.0,0.0,3350717,4030495,13420947,679778,0,0,679792,2263606,2263559,2263559,3350717,0,0,83.134,0.0,1158.97,3350717,0,83.134,0.0,3,83.246,82.7,83.134,2196131,2271629,0,start_xmit,2243788,33857.9,1.5,0.3,3.4,,0,3.4,False,[],pipeline-ingresso,"3350717 pacchetti mai arrivati al programma contro 0 elaborati e non usciti: satura l'ingresso del DUT (cpu gen 94.6%, cpu DUT 93.8%)",94.6,93.8,100.0,441.8,0,6576.4,1543.1,4.261,0.036,0.175,3.497,870.0,0.607,1,0,modular,3,saturazione
