tempo,t_s,temp_pacchetto_c,throttle_core,throttle_pacchetto,powerclamp,raffreddamento_cpu,alimentazione_rete,mhz_cpu8,mhz_cpu10,mhz_cpu12
17:08:10,0.0,56.0,0,155,0,0,0,3493,3503,3500
17:08:11,1.0,52.0,0,155,0,0,0,3420,3500,3500
17:08:12,2.0,54.0,0,155,0,0,0,3500,3500,1405
17:08:13,3.0,55.0,0,155,0,0,0,3500,3500,3500
17:08:14,4.01,55.0,0,155,0,0,0,3500,3500,3500
17:08:15,5.01,55.0,0,155,0,0,0,3420,3404,1412
17:08:16,6.01,54.0,0,155,0,0,0,3455,3500,3500
17:08:17,7.01,54.0,0,155,0,0,0,3499,3500,3473
17:08:18,8.01,57.0,0,155,0,0,0,3499,3399,3484
17:08:19,9.02,55.0,0,155,0,0,0,3500,3500,3101
17:08:20,10.02,55.0,0,155,0,0,0,3499,3500,3433
17:08:21,11.02,58.0,0,155,0,0,0,3500,3500,3431
17:08:22,12.02,57.0,0,155,0,0,0,3500,3399,3471
17:08:23,13.02,58.0,0,155,0,0,0,3499,3400,3475
17:08:24,14.02,56.0,0,155,0,0,0,3499,3500,3501
17:08:25,15.03,55.0,0,155,0,0,0,3499,3399,3446
17:08:26,16.03,52.0,0,155,0,0,0,3500,3500,3471
17:08:27,17.03,55.0,0,155,0,0,0,3500,3400,3418
17:08:28,18.03,57.0,0,155,0,0,0,3500,3400,3469
17:08:29,19.03,60.0,0,155,0,0,0,3500,3500,3491
17:08:30,20.03,56.0,0,155,0,0,0,3499,3399,3490
17:08:31,21.04,57.0,0,155,0,0,0,3499,3500,3260
17:08:32,22.04,55.0,0,155,0,0,0,3500,3500,3393
17:08:33,23.04,56.0,0,155,0,0,0,3500,3500,3412
17:08:34,24.04,58.0,0,155,0,0,0,3499,3499,3455
17:08:35,25.04,57.0,0,155,0,0,0,3500,3500,3424
17:08:37,26.04,59.0,0,155,0,0,0,3500,3400,3456
17:08:38,27.05,52.0,0,155,0,0,0,3394,3500,3500
