axis,x,pipeline,seed,shape,n_out,depth,width,macs,macs_eff,nw,n_in,insns,jited,map_bytes,n_maps,tail,build_ms,update_ms,lat_ns,lat_p50,lat_max,mpps,sparsity_real,lookups
depth,1,p1_static,42,65-4-7,7,1,4,288,64,299,65,573,2532,2516,5,1,346.823087999951,18.802,54,56,67,18.51851851851852,0.0,
depth,1,hardcoded,42,65-4-7,7,1,4,288,64,299,65,973,4805,2516,5,1,177.15585700000247,17.796,60,62,64,16.666666666666668,0.0,
depth,1,template,42,65-4-7,7,1,4,288,64,299,65,14676,66675,141744,10,1,3354.186167000023,11.31194599997798,244,257,280,4.098360655737705,0.0,
depth,1,modular,42,65-4-7,7,1,4,288,64,299,65,12374,57496,150836,13,2,2555.8197610000093,11.661697999954868,346,353,444,2.8901734104046244,0.0,
depth,1,p1_static,1,65-4-7,7,1,4,288,64,299,65,501,2256,2516,5,1,153.95707199996878,11.436,46,48,65,21.73913043478261,0.0,
depth,1,hardcoded,1,65-4-7,7,1,4,288,64,299,65,965,4814,2516,5,1,183.98564300002818,26.761,59,64,67,16.949152542372882,0.0,
depth,1,template,1,65-4-7,7,1,4,288,64,299,65,14676,66675,141744,10,1,2858.489631999987,6.9485479999684685,246,274,311,4.065040650406504,0.0,
depth,1,modular,1,65-4-7,7,1,4,288,64,299,65,12374,57496,150836,13,2,2431.405801999972,16.754557000012937,348,378,391,2.8735632183908044,0.0,
depth,1,p1_static,2,65-4-7,7,1,4,288,64,299,65,587,2591,2516,5,1,137.89954999992915,12.506,53,55,58,18.867924528301888,0.0,
depth,1,hardcoded,2,65-4-7,7,1,4,288,64,299,65,998,4861,2516,5,1,182.44999400008055,13.46,62,62,65,16.129032258064516,0.0,
depth,1,template,2,65-4-7,7,1,4,288,64,299,65,14676,66675,141744,10,1,2939.3332760000703,9.414599000024282,241,249,274,4.149377593360996,0.0,
depth,1,modular,2,65-4-7,7,1,4,288,64,299,65,12374,57496,150836,13,2,2473.8460629999963,7.480869000005441,355,358,363,2.816901408450704,0.0,
depth,1,p1_static,3,65-4-7,7,1,4,288,64,299,65,577,2550,2516,5,1,149.2326630000207,10.773,52,54,58,19.23076923076923,0.0,
depth,1,hardcoded,3,65-4-7,7,1,4,288,64,299,65,1001,4881,2516,5,1,166.65175299999646,10.331,59,62,100,16.949152542372882,0.0,
depth,1,template,3,65-4-7,7,1,4,288,64,299,65,14676,66675,141744,10,1,2843.6064710000437,7.1169789999885325,244,254,264,4.098360655737705,0.0,
depth,1,modular,3,65-4-7,7,1,4,288,64,299,65,12374,57496,150836,13,2,2468.5686750000286,9.158804999970016,345,353,436,2.898550724637681,0.0,
depth,1,p1_static,7,65-4-7,7,1,4,288,64,299,65,568,2514,2516,5,1,130.29430199992476,8.214,51,53,62,19.607843137254903,0.0,
depth,1,hardcoded,7,65-4-7,7,1,4,288,64,299,65,974,4821,2516,5,1,180.3330930000584,9.935,61,63,75,16.39344262295082,0.0,
depth,1,template,7,65-4-7,7,1,4,288,64,299,65,14676,66675,141744,10,1,2645.949113000029,7.054605999996966,245,251,275,4.081632653061225,0.0,
depth,1,modular,7,65-4-7,7,1,4,288,64,299,65,12374,57496,150836,13,2,2469.37668999999,9.346923999942192,362,386,447,2.7624309392265194,0.0,
depth,2,p1_static,42,65-4-4-7,7,2,4,304,80,319,65,618,2730,2516,5,1,142.85931999995682,18.7,60,64,76,16.666666666666668,0.0,
depth,2,hardcoded,42,65-4-4-7,7,2,4,304,80,319,65,1028,5039,2516,5,1,178.1531269999732,11.488,68,69,76,14.705882352941176,0.0,
depth,2,template,42,65-4-4-7,7,2,4,304,80,319,65,14976,67472,141744,10,1,3077.291397999943,11.668528999962291,275,282,337,3.6363636363636362,0.0,
depth,2,modular,42,65-4-4-7,7,2,4,304,80,319,65,12374,57496,150836,13,3,2308.3278160000873,29.371951000030094,440,492,526,2.272727272727273,0.0,
depth,2,p1_static,1,65-4-4-7,7,2,4,304,80,319,65,578,2558,2516,5,1,143.7332289999631,11.334,54,56,73,18.51851851851852,0.0,
depth,2,hardcoded,1,65-4-4-7,7,2,4,304,80,319,65,1045,5150,2516,5,1,209.5541520000097,18.187,84,85,88,11.904761904761905,0.0,
depth,2,template,1,65-4-4-7,7,2,4,304,80,319,65,14976,67472,141744,10,1,4128.688436000061,10.459615999934613,336,342,393,2.9761904761904763,0.0,
depth,2,modular,1,65-4-4-7,7,2,4,304,80,319,65,12374,57496,150836,13,3,3442.7197899999555,12.128024000048754,527,541,562,1.8975332068311195,0.0,
depth,2,p1_static,2,65-4-4-7,7,2,4,304,80,319,65,636,2779,2516,5,1,158.57587300001796,10.295,70,79,80,14.285714285714286,0.0,
depth,2,hardcoded,2,65-4-4-7,7,2,4,304,80,319,65,1068,5130,2516,5,1,224.0591019999556,12.635,84,86,110,11.904761904761905,0.0,
depth,2,template,2,65-4-4-7,7,2,4,304,80,319,65,14976,67472,141744,10,1,3994.884352999975,10.653465000018514,265,266,280,3.7735849056603774,0.0,
depth,2,modular,2,65-4-4-7,7,2,4,304,80,319,65,12374,57496,150836,13,3,2894.394340000076,7.199767999964024,433,444,517,2.3094688221709005,0.0,
depth,2,p1_static,3,65-4-4-7,7,2,4,304,80,319,65,627,2768,2516,5,1,150.3850249999914,9.385,59,59,60,16.949152542372882,0.0,
depth,2,hardcoded,3,65-4-4-7,7,2,4,304,80,319,65,1026,4999,2516,5,1,179.37375600001815,14.118,65,66,72,15.384615384615385,0.0,
depth,2,template,3,65-4-4-7,7,2,4,304,80,319,65,14976,67472,141744,10,1,2753.8997080000627,10.602502999972785,266,272,306,3.7593984962406015,0.0,
depth,2,modular,3,65-4-4-7,7,2,4,304,80,319,65,12374,57496,150836,13,3,2517.4496549999503,12.026097999978447,431,455,482,2.320185614849188,0.0,
depth,2,p1_static,7,65-4-4-7,7,2,4,304,80,319,65,614,2703,2516,5,1,149.8950260000811,21.074,60,62,75,16.666666666666668,0.0,
depth,2,hardcoded,7,65-4-4-7,7,2,4,304,80,319,65,1020,5006,2516,5,1,165.56846499997846,14.288,68,74,84,14.705882352941176,0.0,
depth,2,template,7,65-4-4-7,7,2,4,304,80,319,65,14976,67472,141744,10,1,3124.4083379999665,8.473176999928,265,269,277,3.7735849056603774,0.0,
depth,2,modular,7,65-4-4-7,7,2,4,304,80,319,65,12374,57496,150836,13,3,2405.0904340000443,7.128109000063887,430,448,559,2.3255813953488373,0.0,
depth,3,p1_static,42,65-4-4-4-7,7,3,4,320,96,339,65,633,2813,2516,5,1,144.538539999985,12.715,62,64,72,16.129032258064516,0.0,
depth,3,hardcoded,42,65-4-4-4-7,7,3,4,320,96,339,65,1044,5126,2516,5,1,197.35852999997405,14.777,69,71,73,14.492753623188406,0.0,
depth,3,template,42,65-4-4-4-7,7,3,4,320,96,339,65,16667,75345,141744,10,1,3371.3707830000885,13.080521999995653,306,313,384,3.2679738562091503,0.0,
depth,3,modular,42,65-4-4-4-7,7,3,4,320,96,339,65,12374,57496,150836,13,4,2474.6101399999816,11.888494000004357,491,521,585,2.0366598778004072,0.0,
depth,3,p1_static,1,65-4-4-4-7,7,3,4,320,96,339,65,626,2772,2516,5,1,165.16074800006209,10.476,60,61,75,16.666666666666668,0.0,
depth,3,hardcoded,1,65-4-4-4-7,7,3,4,320,96,339,65,1078,5274,2516,5,1,180.38600700003826,17.041,73,77,87,13.698630136986301,0.0,
depth,3,template,1,65-4-4-4-7,7,3,4,320,96,339,65,16667,75345,141744,10,1,3321.42327400004,9.284884000066995,305,312,383,3.278688524590164,0.0,
depth,3,modular,1,65-4-4-4-7,7,3,4,320,96,339,65,12374,57496,150836,13,4,2365.164748999973,8.164237000073626,509,526,545,1.9646365422396856,0.0,
depth,3,p1_static,2,65-4-4-4-7,7,3,4,320,96,339,65,676,2978,2516,5,1,168.75856399997247,10.457,67,70,84,14.925373134328359,0.0,
depth,3,hardcoded,2,65-4-4-4-7,7,3,4,320,96,339,65,1087,5263,2516,5,1,179.65602799995395,12.566,76,85,100,13.157894736842104,0.0,
depth,3,template,2,65-4-4-4-7,7,3,4,320,96,339,65,16667,75345,141744,10,1,3286.9220720000385,7.414013000015984,308,345,431,3.2467532467532467,0.0,
depth,3,modular,2,65-4-4-4-7,7,3,4,320,96,339,65,12374,57496,150836,13,4,2419.241128000067,41.11693999993804,499,520,564,2.004008016032064,0.0,
depth,3,p1_static,3,65-4-4-4-7,7,3,4,320,96,339,65,687,3020,2516,5,1,163.94900000000234,10.409,66,68,77,15.151515151515152,0.0,
depth,3,hardcoded,3,65-4-4-4-7,7,3,4,320,96,339,65,1088,5280,2516,5,1,199.33987800004616,25.245,76,84,94,13.157894736842104,0.0,
depth,3,template,3,65-4-4-4-7,7,3,4,320,96,339,65,16667,75345,141744,10,1,3456.7872640000132,7.4047499999778665,313,314,335,3.194888178913738,0.0,
depth,3,modular,3,65-4-4-4-7,7,3,4,320,96,339,65,12374,57496,150836,13,4,2450.2997560000495,7.665288999987752,521,552,645,1.9193857965451055,0.0,
depth,3,p1_static,7,65-4-4-4-7,7,3,4,320,96,339,65,671,2962,2516,5,1,210.47156800000266,22.734,80,81,82,12.5,0.0,
depth,3,hardcoded,7,65-4-4-4-7,7,3,4,320,96,339,65,1071,5229,2516,5,1,258.3171349999702,20.816,85,88,90,11.764705882352942,0.0,
depth,3,template,7,65-4-4-4-7,7,3,4,320,96,339,65,16667,75345,141744,10,1,4246.729465000044,10.632271000076798,374,385,406,2.6737967914438503,0.0,
depth,3,modular,7,65-4-4-4-7,7,3,4,320,96,339,65,12374,57496,150836,13,4,3154.8671719999675,68.6260449999736,582,608,652,1.7182130584192439,0.0,
depth,4,p1_static,42,65-4-4-4-4-7,7,4,4,336,112,359,65,719,3153,2516,5,1,195.3072809999412,16.88,96,96,97,10.416666666666666,0.0,
depth,4,hardcoded,42,65-4-4-4-4-7,7,4,4,336,112,359,65,1119,5430,2516,5,1,234.73346800005856,16.962,80,99,100,12.5,0.0,
depth,4,template,42,65-4-4-4-4-7,7,4,4,336,112,359,65,16689,75351,141744,10,1,4533.486175999997,11.155253999959314,366,429,442,2.73224043715847,0.0,
depth,4,modular,42,65-4-4-4-4-7,7,4,4,336,112,359,65,12374,57496,150836,13,5,3685.627670000031,11.79567200006204,708,733,756,1.4124293785310735,0.0,
depth,4,p1_static,1,65-4-4-4-4-7,7,4,4,336,112,359,65,688,3024,2516,5,1,240.0431330001993,16.562,81,83,89,12.345679012345679,0.0,
depth,4,hardcoded,1,65-4-4-4-4-7,7,4,4,336,112,359,65,1147,5567,2516,5,1,248.9798270000847,23.983,90,101,105,11.11111111111111,0.0,
depth,4,template,1,65-4-4-4-4-7,7,4,4,336,112,359,65,16689,75351,141744,10,1,4258.0842580000535,12.967720999995436,337,344,411,2.9673590504451037,0.0,
depth,4,modular,1,65-4-4-4-4-7,7,4,4,336,112,359,65,12374,57496,150836,13,5,2856.5782199998466,8.575183000175457,581,603,708,1.721170395869191,0.0,
depth,4,p1_static,2,65-4-4-4-4-7,7,4,4,336,112,359,65,745,3252,2516,5,1,153.36433099992064,14.259,72,73,75,13.88888888888889,0.0,
depth,4,hardcoded,2,65-4-4-4-4-7,7,4,4,336,112,359,65,1142,5486,2516,5,1,201.56638500020563,16.334,79,80,87,12.658227848101266,0.0,
depth,4,template,2,65-4-4-4-4-7,7,4,4,336,112,359,65,16689,75351,141744,10,1,2948.5360109999874,22.386146999906487,338,351,387,2.9585798816568047,0.0,
depth,4,modular,2,65-4-4-4-4-7,7,4,4,336,112,359,65,12374,57496,150836,13,5,2052.4564849999933,7.99387500001103,593,625,651,1.6863406408094435,0.0,
depth,4,p1_static,3,65-4-4-4-4-7,7,4,4,336,112,359,65,761,3317,2516,5,1,205.5978400001095,39.409,72,76,89,13.88888888888889,0.0,
depth,4,hardcoded,3,65-4-4-4-4-7,7,4,4,336,112,359,65,1182,5640,2516,5,1,189.1205169999921,14.749,80,81,93,12.5,0.0,
depth,4,template,3,65-4-4-4-4-7,7,4,4,336,112,359,65,16689,75351,141744,10,1,3129.756033000149,8.025230999919586,350,402,425,2.857142857142857,0.0,
depth,4,modular,3,65-4-4-4-4-7,7,4,4,336,112,359,65,12374,57496,150836,13,5,2507.1731709999767,12.41594999987683,561,582,658,1.7825311942959001,0.0,
depth,4,p1_static,7,65-4-4-4-4-7,7,4,4,336,112,359,65,740,3243,2516,5,1,162.8412989998651,11.541,70,72,74,14.285714285714286,0.0,
depth,4,hardcoded,7,65-4-4-4-4-7,7,4,4,336,112,359,65,1141,5519,2516,5,1,182.91829800000414,12.228,80,82,99,12.5,0.0,
depth,4,template,7,65-4-4-4-4-7,7,4,4,336,112,359,65,16689,75351,141744,10,1,2961.850613000024,16.07445700005883,334,340,403,2.9940119760479043,0.0,
depth,4,modular,7,65-4-4-4-4-7,7,4,4,336,112,359,65,12374,57496,150836,13,5,2547.9843670000264,7.023075999995854,584,592,643,1.7123287671232876,0.0,
depth,5,p1_static,42,65-4-4-4-4-4-7,7,5,4,352,128,379,65,784,3421,2516,5,1,166.7565039999772,10.737,78,80,96,12.820512820512821,0.0,
depth,5,hardcoded,42,65-4-4-4-4-4-7,7,5,4,352,128,379,65,1192,5724,2516,5,1,173.26911800000744,12.583,84,89,98,11.904761904761905,0.0,
depth,5,template,42,65-4-4-4-4-4-7,7,5,4,352,128,379,65,17643,79269,141744,10,1,3513.075491999871,8.015569000008327,390,420,482,2.5641025641025643,0.0,
depth,5,modular,42,65-4-4-4-4-4-7,7,5,4,352,128,379,65,12374,57496,150836,13,6,2449.119170000131,11.203108000017892,645,649,813,1.550387596899225,0.0,
depth,5,p1_static,1,65-4-4-4-4-4-7,7,5,4,352,128,379,65,762,3318,2516,5,1,200.0683730000219,10.171,70,72,84,14.285714285714286,0.0,
depth,5,hardcoded,1,65-4-4-4-4-4-7,7,5,4,352,128,379,65,1376,6524,2516,5,1,214.5130420001351,27.49,87,88,104,11.494252873563218,0.0,
depth,5,template,1,65-4-4-4-4-4-7,7,5,4,352,128,379,65,17643,79269,141744,10,1,3585.857777000001,8.667217000038363,382,396,529,2.6178010471204187,0.0,
depth,5,modular,1,65-4-4-4-4-4-7,7,5,4,352,128,379,65,12374,57496,150836,13,6,2523.894842000118,12.595516000146745,627,648,734,1.594896331738437,0.0,
depth,5,p1_static,2,65-4-4-4-4-4-7,7,5,4,352,128,379,65,816,3541,2516,5,1,191.8723400001454,11.789,80,89,105,12.5,0.0,
depth,5,hardcoded,2,65-4-4-4-4-4-7,7,5,4,352,128,379,65,1214,5787,2516,5,1,179.35003699994922,12.43,89,92,110,11.235955056179776,0.0,
depth,5,template,2,65-4-4-4-4-4-7,7,5,4,352,128,379,65,17643,79269,141744,10,1,3489.901031000045,7.175123000024541,378,381,553,2.6455026455026456,0.0,
depth,5,modular,2,65-4-4-4-4-4-7,7,5,4,352,128,379,65,12374,57496,150836,13,6,2495.8651770000415,10.520344000042314,648,688,801,1.5432098765432098,0.0,
depth,5,p1_static,3,65-4-4-4-4-4-7,7,5,4,352,128,379,65,822,3570,2516,5,1,182.39120900011585,25.934,75,76,87,13.333333333333334,0.0,
depth,5,hardcoded,3,65-4-4-4-4-4-7,7,5,4,352,128,379,65,1237,5847,2516,5,1,211.95063699997263,24.767,92,107,116,10.869565217391305,0.0,
depth,5,template,3,65-4-4-4-4-4-7,7,5,4,352,128,379,65,17643,79269,141744,10,1,4593.589730999838,12.065186999961952,475,479,483,2.1052631578947367,0.0,
depth,5,modular,3,65-4-4-4-4-4-7,7,5,4,352,128,379,65,12374,57496,150836,13,6,3450.9038689998306,15.927146999956676,782,807,874,1.278772378516624,0.0,
depth,5,p1_static,7,65-4-4-4-4-4-7,7,5,4,352,128,379,65,798,3464,2516,5,1,260.19091200009825,14.676,92,95,105,10.869565217391305,0.0,
depth,5,hardcoded,7,65-4-4-4-4-4-7,7,5,4,352,128,379,65,1203,5754,2516,5,1,248.87686599981862,18.195,103,104,105,9.70873786407767,0.0,
depth,5,template,7,65-4-4-4-4-4-7,7,5,4,352,128,379,65,17643,79269,141744,10,1,4598.066133999964,17.583541000021796,387,448,578,2.5839793281653747,0.0,
depth,5,modular,7,65-4-4-4-4-4-7,7,5,4,352,128,379,65,12374,57496,150836,13,6,2512.3022409998157,9.755969000025289,642,655,694,1.557632398753894,0.0,
depth,6,p1_static,42,65-4-4-4-4-4-4-7,7,6,4,368,144,399,65,853,3682,2516,5,1,174.92059699998208,14.152,78,84,95,12.820512820512821,0.0,
depth,6,hardcoded,42,65-4-4-4-4-4-4-7,7,6,4,368,144,399,65,1310,6166,2516,5,1,193.92299900005128,19.402,88,95,118,11.363636363636363,0.0,
depth,6,template,42,65-4-4-4-4-4-4-7,7,6,4,368,144,399,65,18613,83791,141744,10,1,3496.482224999909,7.010400000126538,423,445,521,2.3640661938534278,0.0,
depth,6,modular,42,65-4-4-4-4-4-4-7,7,6,4,368,144,399,65,12374,57496,150836,13,7,2605.4082959999505,10.55467400010457,699,724,893,1.4306151645207439,0.0,
depth,6,p1_static,1,65-4-4-4-4-4-4-7,7,6,4,368,144,399,65,839,3622,2516,5,1,170.44136599997728,13.722,76,77,94,13.157894736842104,0.0,
depth,6,hardcoded,1,65-4-4-4-4-4-4-7,7,6,4,368,144,399,65,1282,6095,2516,5,1,224.24098299984507,22.359,89,91,100,11.235955056179776,0.0,
depth,6,template,1,65-4-4-4-4-4-4-7,7,6,4,368,144,399,65,18613,83791,141744,10,1,3190.821885999867,7.082998999976553,421,426,440,2.375296912114014,0.0,
depth,6,modular,1,65-4-4-4-4-4-4-7,7,6,4,368,144,399,65,12374,57496,150836,13,7,2358.9961400000448,18.031553000128042,691,717,788,1.447178002894356,0.0,
depth,6,p1_static,2,65-4-4-4-4-4-4-7,7,6,4,368,144,399,65,883,3816,2516,5,1,174.5450470000378,13.973,84,86,110,11.904761904761905,0.0,
depth,6,hardcoded,2,65-4-4-4-4-4-4-7,7,6,4,368,144,399,65,1301,6136,2516,5,1,231.2406829998963,15.036,89,92,94,11.235955056179776,0.0,
depth,6,template,2,65-4-4-4-4-4-4-7,7,6,4,368,144,399,65,18613,83791,141744,10,1,3242.892501999904,61.7772570001307,427,428,498,2.34192037470726,0.0,
depth,6,modular,2,65-4-4-4-4-4-4-7,7,6,4,368,144,399,65,12374,57496,150836,13,7,2550.9750999999596,11.792205000119793,710,727,893,1.408450704225352,0.0,
depth,6,p1_static,3,65-4-4-4-4-4-4-7,7,6,4,368,144,399,65,887,3828,2516,5,1,186.34144199995717,16.269,80,83,89,12.5,0.0,
depth,6,hardcoded,3,65-4-4-4-4-4-4-7,7,6,4,368,144,399,65,1306,6149,2516,5,1,222.20488000016303,26.07,90,94,108,11.11111111111111,0.0,
depth,6,template,3,65-4-4-4-4-4-4-7,7,6,4,368,144,399,65,18613,83791,141744,10,1,3383.7745899998026,11.012426999968739,428,430,536,2.336448598130841,0.0,
depth,6,modular,3,65-4-4-4-4-4-4-7,7,6,4,368,144,399,65,12374,57496,150836,13,7,2658.453007999924,8.765603000028932,701,721,973,1.4265335235378032,0.0,
depth,6,p1_static,7,65-4-4-4-4-4-4-7,7,6,4,368,144,399,65,869,3743,2516,5,1,156.3004299998738,11.53,81,83,90,12.345679012345679,0.0,
depth,6,hardcoded,7,65-4-4-4-4-4-4-7,7,6,4,368,144,399,65,1266,5982,2516,5,1,188.03398399995785,14.007,88,93,110,11.363636363636363,0.0,
depth,6,template,7,65-4-4-4-4-4-4-7,7,6,4,368,144,399,65,18613,83791,141744,10,1,3302.785569999969,14.989380000088204,422,431,521,2.3696682464454977,0.0,
depth,6,modular,7,65-4-4-4-4-4-4-7,7,6,4,368,144,399,65,12374,57496,150836,13,7,2310.8682350000436,7.864095000059024,696,706,832,1.4367816091954022,0.0,
