frame,delay,secs,tx,tx_pps,tx_pps_sum,offered_pps,gen_threads,window_mode,gen_start_offset_ms,t_wall,read_ms,gen_skew_pct,gen_rate_mismatch_pct,gen_errors,offered_tx,offered_real_pps,hit,miss,drop,rx,rx_pps,hit_pps,proc_pps,respinti,persi_in_coda,persi_dopo,respinti_pct,loss_dut_pct,rx_mbps,lost_before,lost_after,loss_pct,loss_wire_pct,repeat,loss_worst,loss_best,loss_med,rx_pps_min,rx_pps_max,burst,xmit_mode,rx_pps_mean,rx_pps_std,rx_pps_cv_pct,secs_mean,spread_pct,spread_iqr_pct,ripetizioni_anomale,spread_deciso_pct,unreliable,invalid_reason,bottleneck,bottleneck_why,cpu_gen_pct,cpu_dut_pct_punto,cpu_dut_pct,ns_cpu,softnet_dropped,instr_pkt,cycles_pkt,ipc,llc_miss_pkt,br_miss_pkt,dut_ghz_busy,egress_cycles_pkt,egress_ipc,threads,clone_skb,method,round,phase,scenario_class,scenario_action
64,0,0.3,5713409,19015500,19015500,,1,steady,,1791297407.48,0.69,0.0,0.0,82264,5795673,19289293,5713409,0,0,5713108,19014498,19015500,19015500,82264,0,301,1.419,0.005,9735.42,82264,301,1.425,0.005,3,1.848,1.425,1.624,18292875,19416377,0,start_xmit,18907916,464818.2,2.5,0.3,6.1,,0,6.1,False,[],pipeline-ingresso,"82264 pacchetti mai arrivati al programma contro 301 elaborati e non usciti: satura l'ingresso del DUT (cpu gen 95.3%, cpu DUT 73.0%)",95.3,73.0,77.4,40.7,0,384.7,161.2,2.4,0.014,0.112,3.07,0.1,0.415,1,0,rxonly,1,saturazione,0,FORWARD
64,0,0.3,4550146,15144426,15144426,,1,steady,,1791297408.35,0.7,0.0,0.0,6622,4556768,15166466,4550146,0,0,4549440,15142076,15144426,15144426,6622,0,706,0.145,0.015,7752.74,6622,706,0.161,0.016,3,0.356,0.085,0.161,15137979,15249837,0,start_xmit,15176630,51791.7,0.3,0.3,0.7,,0,0.7,False,[],pipeline-ingresso,"6622 pacchetti mai arrivati al programma contro 706 elaborati e non usciti: satura l'ingresso del DUT (cpu gen 93.8%, cpu DUT 91.5%)",93.8,91.5,96.8,63.9,0,606.1,227.2,2.668,0.01,0.097,3.454,221.7,1.816,1,0,baseline,1,saturazione,0,FORWARD
64,0,0.301,2610117,8685071,8685071,,1,steady,,1791297409.67,0.85,0.0,0.0,880228,3490345,11613999,2610117,0,0,2609997,8684672,8685071,8685071,880228,0,120,25.219,0.003,4446.55,880228,120,25.222,0.005,3,25.248,25.166,25.222,8632980,8805356,0,start_xmit,8707669,72226.6,0.8,0.3,2.0,,0,2.0,False,[],pipeline-ingresso,"880228 pacchetti mai arrivati al programma contro 120 elaborati e non usciti: satura l'ingresso del DUT (cpu gen 93.8%, cpu DUT 93.8%)",93.8,93.8,100.0,115.1,0,1220.2,401.9,3.038,0.027,0.102,3.491,360.0,1.159,1,0,p1_static,1,saturazione,0,FORWARD
64,0,0.3,2447536,8145406,8145406,,1,steady,,1791297411.41,0.64,0.0,0.0,877632,3325168,11066168,2447536,0,0,2447448,8145113,8145406,8145406,877632,0,88,26.394,0.003,4170.3,877632,88,26.396,0.004,3,27.112,26.143,26.396,7944050,8266975,0,start_xmit,8118712,133148.7,1.6,0.3,4.1,,0,4.1,False,[],pipeline-ingresso,"877632 pacchetti mai arrivati al programma contro 88 elaborati e non usciti: satura l'ingresso del DUT (cpu gen 93.1%, cpu DUT 93.1%)",93.1,93.1,100.0,122.8,0,1425.9,428.3,3.329,0.024,0.102,3.496,383.9,1.094,1,0,hardcoded,1,saturazione,0,FORWARD
64,0,0.3,1096957,3651329,3651329,,1,steady,,1791297412.69,0.63,0.0,0.0,2515474,3612431,12024333,1096957,0,0,1097072,3651712,3651329,3651329,2515474,0,0,69.634,0.0,1869.68,2515474,0,69.631,0.0,3,69.631,68.976,69.498,3647426,3673308,0,start_xmit,3657482,11326.6,0.3,0.3,0.7,,0,0.7,False,[],pipeline-ingresso,"2515474 pacchetti mai arrivati al programma contro 0 elaborati e non usciti: satura l'ingresso del DUT (cpu gen 95.3%, cpu DUT 94.5%)",95.3,94.5,100.0,273.9,0,4314.3,956.8,4.512,0.025,0.159,3.496,675.5,0.726,1,0,template,1,saturazione,0,FORWARD
64,0,0.3,713290,2374961,2374961,,1,steady,,1791297413.99,0.48,0.0,0.0,3163107,3876397,12906800,713290,0,0,713326,2375080,2374961,2374961,3163107,0,0,81.599,0.0,1216.04,3163107,0,81.598,0.0,3,81.645,80.527,81.598,2372984,2436654,0,start_xmit,2394906,29532.7,1.2,0.3,2.7,,0,2.7,False,[],pipeline-ingresso,"3163107 pacchetti mai arrivati al programma contro 0 elaborati e non usciti: satura l'ingresso del DUT (cpu gen 95.3%, cpu DUT 94.5%)",95.3,94.5,100.0,421.1,0,6575.8,1471.0,4.471,0.037,0.177,3.497,865.2,0.614,1,0,modular,1,saturazione,0,FORWARD
64,0,0.301,5791692,19272970,19272970,,1,steady,,1791297414.43,0.73,0.0,0.0,99651,5891343,19604577,5791692,0,0,5792347,19275149,19272970,19272970,99651,0,0,1.691,0.0,9868.88,99651,0,1.68,0.0,3,1.823,1.624,1.68,18407452,19323815,0,start_xmit,19002138,420976.1,2.2,0.3,5.0,,0,5.0,False,[],pipeline-ingresso,"99651 pacchetti mai arrivati al programma contro 0 elaborati e non usciti: satura l'ingresso del DUT (cpu gen 95.3%, cpu DUT 72.6%)",95.3,72.6,76.7,39.8,0,383.8,159.3,2.409,0.013,0.112,3.046,0.1,0.464,1,0,rxonly,2,saturazione,0,FORWARD
64,0,0.3,4587609,15269407,15269407,,1,steady,,1791297416.58,0.64,0.0,0.0,7322,4594931,15293777,4587609,0,0,4587139,15267842,15269407,15269407,7322,0,470,0.159,0.01,7817.14,7322,470,0.17,0.01,3,0.319,0.136,0.17,15257387,15360797,0,start_xmit,15295342,46480.1,0.3,0.3,0.7,,0,0.7,False,[],pipeline-ingresso,"7322 pacchetti mai arrivati al programma contro 470 elaborati e non usciti: satura l'ingresso del DUT (cpu gen 95.3%, cpu DUT 93.0%)",95.3,93.0,96.8,63.4,0,605.9,226.4,2.676,0.01,0.097,3.466,221.2,1.821,1,0,baseline,2,saturazione,0,FORWARD
64,0,0.3,2546429,8477052,8477052,,1,steady,,1791297417.48,0.59,0.0,0.0,846790,3393219,11296013,2546429,0,0,2546616,8477674,8477052,8477052,846790,0,0,24.955,0.0,4340.57,846790,0,24.95,0.0,3,25.016,24.52,24.95,8417467,8555582,0,start_xmit,8483574,56539.4,0.7,0.3,1.6,,0,1.6,False,[],pipeline-ingresso,"846790 pacchetti mai arrivati al programma contro 0 elaborati e non usciti: satura l'ingresso del DUT (cpu gen 93.8%, cpu DUT 93.1%)",93.8,93.1,100.0,118.0,0,1219.9,411.9,2.962,0.027,0.101,3.495,368.5,1.135,1,0,p1_static,2,saturazione,0,FORWARD
64,0,0.3,2425435,8073269,8073269,,1,steady,,1791297419.2,0.68,0.0,0.0,1012539,3437974,11443592,2425435,0,0,2425611,8073855,8073269,8073269,1012539,0,0,29.452,0.0,4133.81,1012539,0,29.446,0.0,3,29.508,28.532,29.446,7795986,8121846,0,start_xmit,7997229,143642.7,1.8,0.3,4.2,,0,4.2,False,[],pipeline-ingresso,"1012539 pacchetti mai arrivati al programma contro 0 elaborati e non usciti: satura l'ingresso del DUT (cpu gen 94.5%, cpu DUT 93.8%)",94.5,93.8,100.0,123.9,0,1427.0,432.2,3.302,0.03,0.103,3.495,396.2,1.093,1,0,hardcoded,2,saturazione,0,FORWARD
64,0,0.3,1099543,3660622,3660622,,1,steady,,1791297420.06,0.54,0.0,0.0,2498182,3597725,11977625,1099543,0,0,1099639,3660942,3660622,3660622,2498182,0,0,69.438,0.0,1874.4,2498182,0,69.435,0.0,3,69.897,68.323,69.435,3623254,3699406,0,start_xmit,3661200,31089.5,0.8,0.3,2.1,,0,2.1,False,[],pipeline-ingresso,"2498182 pacchetti mai arrivati al programma contro 0 elaborati e non usciti: satura l'ingresso del DUT (cpu gen 96.0%, cpu DUT 95.3%)",96.0,95.3,100.0,273.2,0,4315.2,954.3,4.522,0.031,0.156,3.497,670.1,0.73,1,0,template,2,saturazione,0,FORWARD
64,0,0.3,722245,2404735,2404735,,1,steady,,1791297420.92,0.51,0.0,0.0,3246634,3968879,13214495,722245,0,0,722224,2404665,2404735,2404735,3246634,0,21,81.802,0.001,1231.19,3246634,21,81.803,0.003,3,81.803,81.526,81.558,2372970,2426437,0,start_xmit,2401357,21952.8,0.9,0.3,2.3,,0,2.3,False,[],pipeline-ingresso,"3246634 pacchetti mai arrivati al programma contro 21 elaborati e non usciti: satura l'ingresso del DUT (cpu gen 94.6%, cpu DUT 94.5%)",94.6,94.5,100.0,415.8,0,6575.9,1452.8,4.527,0.035,0.175,3.496,849.8,0.625,1,0,modular,2,saturazione,0,FORWARD
64,0,0.3,5743288,19117741,19117741,,1,steady,,1791297422.64,0.65,0.0,0.0,101767,5845055,19456494,5743288,0,0,5743224,19117528,19117741,19117741,101767,0,64,1.741,0.001,9788.17,101767,64,1.742,0.001,3,1.845,1.471,1.742,18778157,19829672,0,start_xmit,19241785,438178.7,2.3,0.3,5.6,,0,5.6,False,[],pipeline-ingresso,"101767 pacchetti mai arrivati al programma contro 64 elaborati e non usciti: satura l'ingresso del DUT (cpu gen 94.5%, cpu DUT 73.2%)",94.5,73.2,77.4,40.5,0,384.0,161.1,2.388,0.011,0.112,3.084,0.1,0.441,1,0,rxonly,3,saturazione,0,FORWARD
64,0,0.3,4567506,15204553,15204553,,1,steady,,1791297424.38,0.59,0.0,0.0,3135,4570641,15214989,4567506,0,0,4567222,15203608,15204553,15204553,3135,0,284,0.069,0.006,7784.25,3135,284,0.075,0.006,3,0.105,0.025,0.075,15139610,15336561,0,start_xmit,15226593,82031.1,0.5,0.3,1.3,,0,1.3,False,[],pipeline-ingresso,"3135 pacchetti mai arrivati al programma contro 284 elaborati e non usciti: satura l'ingresso del DUT (cpu gen 93.8%, cpu DUT 92.2%)",93.8,92.2,100.0,65.8,0,605.6,228.3,2.653,0.008,0.095,3.476,224.2,1.782,1,0,baseline,3,saturazione,0,FORWARD
64,0,0.3,2527564,8412967,8412967,,1,steady,,1791297424.83,0.68,0.0,0.0,810050,3337614,11109210,2527564,0,0,2527462,8412628,8412967,8412967,810050,0,102,24.27,0.003,4307.27,810050,102,24.273,0.004,3,24.273,22.657,24.169,8391496,8748133,0,start_xmit,8517419,163367.4,1.9,0.3,4.2,,0,4.2,False,[],pipeline-ingresso,"810050 pacchetti mai arrivati al programma contro 102 elaborati e non usciti: satura l'ingresso del DUT (cpu gen 93.8%, cpu DUT 93.8%)",93.8,93.8,100.0,118.9,0,1219.6,415.0,2.94,0.031,0.101,3.495,381.8,1.094,1,0,p1_static,3,saturazione,0,FORWARD
64,0,0.3,2415368,8041299,8041299,,1,steady,,1791297426.13,0.54,0.0,0.0,913305,3328673,11081895,2415368,0,0,2415272,8040979,8041299,8041299,913305,0,96,27.438,0.003,4116.98,913305,96,27.44,0.004,3,28.283,26.371,27.44,7957736,8090433,0,start_xmit,8029716,54755.6,0.7,0.3,1.7,,0,1.7,False,[],pipeline-ingresso,"913305 pacchetti mai arrivati al programma contro 96 elaborati e non usciti: satura l'ingresso del DUT (cpu gen 94.5%, cpu DUT 94.5%)",94.5,94.5,100.0,124.4,0,1426.1,434.4,3.282,0.018,0.102,3.498,391.3,1.068,1,0,hardcoded,3,saturazione,0,FORWARD
64,0,0.3,1089915,3629473,3629473,,1,steady,,1791297428.26,0.42,0.0,0.0,2552622,3642537,12129838,1089915,0,0,1089891,3629393,3629473,3629473,2552622,0,24,70.078,0.001,1858.25,2552622,24,70.079,0.002,3,70.079,69.206,69.323,3566860,3698734,0,start_xmit,3631662,53861.2,1.5,0.3,3.7,,0,3.7,False,[],pipeline-ingresso,"2552622 pacchetti mai arrivati al programma contro 24 elaborati e non usciti: satura l'ingresso del DUT (cpu gen 95.3%, cpu DUT 95.3%)",95.3,95.3,100.0,275.5,0,4314.6,962.4,4.485,0.032,0.16,3.497,691.0,0.724,1,0,template,3,saturazione,0,FORWARD
64,0,0.3,724101,2411600,2411600,,1,steady,,1791297428.7,0.36,0.0,0.0,3172407,3896508,12977221,724101,0,0,724102,2411603,2411600,2411600,3172407,0,0,81.417,0.0,1234.74,3172407,0,81.417,0.0,3,81.417,80.641,81.28,2380639,2415716,0,start_xmit,2402652,15656.3,0.7,0.3,1.5,,0,1.5,False,[],pipeline-ingresso,"3172407 pacchetti mai arrivati al programma contro 0 elaborati e non usciti: satura l'ingresso del DUT (cpu gen 94.5%, cpu DUT 94.5%)",94.5,94.5,100.0,414.7,0,6575.3,1448.4,4.54,0.036,0.175,3.496,858.0,0.613,1,0,modular,3,saturazione,0,FORWARD
64,0,0.3,6119977,20368337,20368337,,1,steady,,1791297438.46,0.7,0.0,0.0,105566,6225543,20719679,6119977,0,0,6120430,20369845,20368337,20368337,105566,0,0,1.696,0.0,10429.36,105566,0,1.688,0.0,3,1.688,0.865,1.366,18961078,20750313,0,start_xmit,20027078,769613.3,3.8,0.3,9.4,,0,9.4,False,[],pipeline-ingresso,"105566 pacchetti mai arrivati al programma contro 0 elaborati e non usciti: satura l'ingresso del DUT (cpu gen 95.3%, cpu DUT 74.4%)",95.3,74.4,80.0,39.3,0,383.4,154.1,2.473,0.011,0.112,3.144,0.1,0.407,1,0,rxonly,1,saturazione,1,FORWARD
64,0,0.3,4602970,15319918,15319918,,1,steady,,1791297440.19,0.68,0.0,0.0,1925,4604895,15326324,4602970,0,0,4602698,15319012,15319918,15319918,1925,0,272,0.042,0.006,7843.33,1925,272,0.048,0.006,3,0.144,0.048,0.074,15301780,15376237,0,start_xmit,15332343,31825.0,0.2,0.3,0.5,,0,0.5,False,[],pipeline-ingresso,"1925 pacchetti mai arrivati al programma contro 272 elaborati e non usciti: satura l'ingresso del DUT (cpu gen 94.5%, cpu DUT 93.0%)",94.5,93.0,96.8,63.2,0,605.8,226.2,2.678,0.009,0.097,3.477,220.9,1.824,1,0,baseline,1,saturazione,1,FORWARD
64,0,0.3,2517940,8381151,8381151,,1,steady,,1791297440.64,0.67,0.0,0.0,926668,3444608,11465635,2517940,0,0,2518048,8381511,8381151,8381151,926668,0,0,26.902,0.0,4291.33,926668,0,26.899,0.0,3,26.943,25.164,26.899,8361384,8721856,0,start_xmit,8488250,165388.4,1.9,0.3,4.3,,0,4.3,False,[],pipeline-ingresso,"926668 pacchetti mai arrivati al programma contro 0 elaborati e non usciti: satura l'ingresso del DUT (cpu gen 94.5%, cpu DUT 93.8%)",94.5,93.8,100.0,119.3,0,1219.9,416.2,2.931,0.026,0.102,3.493,374.5,1.129,1,0,p1_static,1,saturazione,1,FORWARD
64,0,0.3,2385885,7944720,7944720,,1,steady,,1791297442.81,0.5,0.0,0.0,903634,3289519,10953717,2385885,0,0,2385666,7943991,7944720,7944720,903634,0,219,27.47,0.007,4067.32,903634,219,27.477,0.009,3,29.867,27.477,28.348,7914398,8019824,0,start_xmit,7959404,44398.5,0.6,0.3,1.3,,0,1.3,False,[],pipeline-ingresso,"903634 pacchetti mai arrivati al programma contro 219 elaborati e non usciti: satura l'ingresso del DUT (cpu gen 94.5%, cpu DUT 93.8%)",94.5,93.8,100.0,125.9,0,1426.5,439.6,3.243,0.028,0.103,3.496,397.9,1.069,1,0,hardcoded,1,saturazione,1,FORWARD
64,0,0.3,1222047,4068894,4068894,,1,steady,,1791297443.67,0.52,0.0,0.0,2437363,3659410,12184273,1222047,0,0,1222054,4068918,4068894,4068894,2437363,0,0,66.605,0.0,2083.29,2437363,0,66.605,0.0,3,66.87,65.19,66.605,4016602,4099791,0,start_xmit,4061770,34335.8,0.8,0.3,2.1,,0,2.1,False,[],pipeline-ingresso,"2437363 pacchetti mai arrivati al programma contro 0 elaborati e non usciti: satura l'ingresso del DUT (cpu gen 93.8%, cpu DUT 93.8%)",93.8,93.8,100.0,245.8,0,3824.3,858.6,4.454,0.037,0.156,3.497,594.9,0.78,1,0,template,1,saturazione,1,FORWARD
64,0,0.3,717790,2389498,2389498,,1,steady,,1791297445.43,0.58,0.0,0.0,3137266,3855056,12833351,717790,0,0,717769,2389428,2389498,2389498,3137266,0,21,81.381,0.001,1223.39,3137266,21,81.381,0.003,3,81.442,80.876,81.381,2380936,2414731,0,start_xmit,2395031,14354.5,0.6,0.3,1.4,,0,1.4,False,[],pipeline-ingresso,"3137266 pacchetti mai arrivati al programma contro 21 elaborati e non usciti: satura l'ingresso del DUT (cpu gen 93.8%, cpu DUT 93.0%)",93.8,93.0,100.0,418.5,0,6573.1,1461.7,4.496,0.05,0.176,3.497,844.8,0.625,1,0,modular,1,saturazione,1,FORWARD
64,0,0.301,5751075,19137063,19137063,,1,steady,,1791297446.72,0.78,0.0,0.0,103989,5855064,19483092,5751075,0,0,5751296,19137798,19137063,19137063,103989,0,0,1.776,0.0,9798.55,103989,0,1.772,0.0,3,1.772,1.553,1.585,19030389,19949649,0,start_xmit,19372612,410376.2,2.1,0.301,4.8,,0,4.8,False,[],pipeline-ingresso,"103989 pacchetti mai arrivati al programma contro 0 elaborati e non usciti: satura l'ingresso del DUT (cpu gen 95.3%, cpu DUT 72.0%)",95.3,72.0,76.7,40.1,0,381.1,152.8,2.493,0.015,0.112,3.022,0.1,0.409,1,0,rxonly,2,saturazione,1,FORWARD
64,0,0.3,4560041,15178449,15178449,,1,steady,,1791297447.58,0.56,0.0,0.0,1561,4561602,15183644,4560041,0,0,4560128,15178738,15178449,15178449,1561,0,0,0.034,0.0,7771.51,1561,0,0.032,0.0,3,0.125,0.032,0.062,15049180,15299641,0,start_xmit,15175853,102270.6,0.7,0.3,1.7,,0,1.7,False,[],pipeline-ingresso,"1561 pacchetti mai arrivati al programma contro 0 elaborati e non usciti: satura l'ingresso del DUT (cpu gen 95.3%, cpu DUT 94.4%)",95.3,94.4,100.0,65.9,0,606.0,229.2,2.644,0.009,0.097,3.482,223.9,1.808,1,0,baseline,2,saturazione,1,FORWARD
64,0,0.3,2543631,8467382,8467382,,1,steady,,1791297449.3,0.65,0.0,0.0,905606,3449237,11482015,2543631,0,0,2543518,8467006,8467382,8467382,905606,0,113,26.255,0.003,4335.11,905606,113,26.259,0.004,3,26.259,25.649,26.048,8452019,8480267,0,start_xmit,8466430,11539.4,0.1,0.3,0.3,,0,0.3,False,[],pipeline-ingresso,"905606 pacchetti mai arrivati al programma contro 113 elaborati e non usciti: satura l'ingresso del DUT (cpu gen 94.5%, cpu DUT 93.8%)",94.5,93.8,100.0,118.1,0,1219.7,412.5,2.957,0.023,0.104,3.497,371.5,1.134,1,0,p1_static,2,saturazione,1,FORWARD
64,0,0.3,2346186,7808673,7808673,,1,steady,,1791297450.18,0.73,0.0,0.0,1006924,3353110,11159958,2346186,0,0,2346169,7808616,7808673,7808673,1006924,0,17,30.03,0.001,3998.01,1006924,17,30.03,0.001,3,30.101,28.541,30.03,7686689,8112682,0,start_xmit,7869329,179131.3,2.3,0.3,5.5,,0,5.5,False,[],pipeline-ingresso,"1006924 pacchetti mai arrivati al programma contro 17 elaborati e non usciti: satura l'ingresso del DUT (cpu gen 94.5%, cpu DUT 93.8%)",94.5,93.8,100.0,128.1,0,1427.0,447.2,3.191,0.027,0.106,3.497,410.3,1.048,1,0,hardcoded,2,saturazione,1,FORWARD
64,0,0.3,1228275,4089407,4089407,,1,steady,,1791297451.04,0.53,0.0,0.0,2338682,3566957,11875795,1228275,0,0,1228303,4089501,4089407,4089407,2338682,0,0,65.565,0.0,2093.82,2338682,0,65.564,0.0,3,66.047,64.91,65.564,4047079,4114964,0,start_xmit,4083848,28000.7,0.7,0.3,1.7,,0,1.7,False,[],pipeline-ingresso,"2338682 pacchetti mai arrivati al programma contro 0 elaborati e non usciti: satura l'ingresso del DUT (cpu gen 93.8%, cpu DUT 93.1%)",93.8,93.1,100.0,244.5,0,3825.1,854.3,4.478,0.03,0.161,3.498,600.0,0.779,1,0,template,2,saturazione,1,FORWARD
64,0,0.3,725242,2414964,2414964,,1,steady,,1791297453.18,0.44,0.0,0.0,3208521,3933763,13098936,725242,0,0,725237,2414948,2414964,2414964,3208521,0,5,81.564,0.0,1236.45,3208521,5,81.564,0.001,3,81.664,81.196,81.564,2392541,2427766,0,start_xmit,2411751,14557.1,0.6,0.3,1.5,,0,1.5,False,[],pipeline-ingresso,"3208521 pacchetti mai arrivati al programma contro 5 elaborati e non usciti: satura l'ingresso del DUT (cpu gen 95.3%, cpu DUT 95.2%)",95.3,95.2,100.0,414.1,0,6573.4,1446.3,4.544,0.032,0.176,3.496,847.6,0.626,1,0,modular,2,saturazione,1,FORWARD
64,0,0.3,5932755,19743324,19743324,,1,steady,,1791297454.03,0.75,0.0,0.0,94050,6026805,20056308,5932755,0,0,5932857,19743663,19743324,19743324,94050,0,0,1.561,0.0,10108.76,94050,0,1.559,0.0,3,1.834,1.559,1.7,18853053,19782208,0,start_xmit,19459641,429211.3,2.2,0.3,4.9,,0,4.9,False,[],pipeline-ingresso,"94050 pacchetti mai arrivati al programma contro 0 elaborati e non usciti: satura l'ingresso del DUT (cpu gen 96.0%, cpu DUT 74.8%)",96.0,74.8,79.3,40.2,0,382.6,156.8,2.435,0.012,0.112,3.095,0.1,0.405,1,0,rxonly,3,saturazione,1,FORWARD
64,0,0.3,4528229,15075167,15075167,,1,steady,,1791297455.76,0.56,0.0,0.0,2730,4530959,15084256,4528229,0,0,4527835,15073856,15075167,15075167,2730,0,394,0.06,0.009,7717.81,2730,394,0.069,0.009,3,0.069,0.042,0.048,15051763,15247788,0,start_xmit,15124469,87664.9,0.6,0.3,1.3,,0,1.3,False,[],generatore,"nessuna perdita: il DUT non e' saturo, quindi questo e' il rate che il generatore ha saputo offrire, non il massimo della pipeline (cpu gen 94.5%, cpu DUT 93.0%)",94.5,93.0,100.0,66.3,0,606.1,229.6,2.64,0.009,0.097,3.472,224.0,1.804,1,0,baseline,3,saturazione,1,FORWARD
64,0,0.3,2634245,8766307,8766307,,1,steady,,1791297456.21,0.74,0.0,0.0,886839,3521084,11717553,2634245,0,0,2633923,8765236,8766307,8766307,886839,0,322,25.187,0.009,4487.8,886839,322,25.196,0.012,3,25.233,24.567,25.196,8710328,8780168,0,start_xmit,8751910,30028.7,0.3,0.3,0.8,,0,0.8,False,[],pipeline-ingresso,"886839 pacchetti mai arrivati al programma contro 322 elaborati e non usciti: satura l'ingresso del DUT (cpu gen 94.5%, cpu DUT 93.8%)",94.5,93.8,100.0,114.1,0,1220.3,397.6,3.067,0.027,0.102,3.49,355.9,1.17,1,0,p1_static,3,saturazione,1,FORWARD
64,0,0.3,2376504,7908995,7908995,,1,steady,,1791297457.5,0.72,0.0,0.0,922217,3298721,10978129,2376504,0,0,2376601,7909318,7908995,7908995,922217,0,0,27.957,0.0,4049.57,922217,0,27.954,0.0,3,28.212,27.588,27.954,7891388,7969117,0,start_xmit,7923274,33231.9,0.4,0.3,1.0,,0,1.0,False,[],pipeline-ingresso,"922217 pacchetti mai arrivati al programma contro 0 elaborati e non usciti: satura l'ingresso del DUT (cpu gen 94.5%, cpu DUT 94.5%)",94.5,94.5,100.0,126.4,0,1426.6,441.3,3.233,0.027,0.102,3.497,395.7,1.073,1,0,hardcoded,3,saturazione,1,FORWARD
64,0,0.3,1228084,4088933,4088933,,1,steady,,1791297458.79,0.5,0.0,0.0,2282513,3510597,11688612,1228084,0,0,1228141,4089123,4088933,4088933,2282513,0,0,65.018,0.0,2093.63,2282513,0,65.016,0.0,3,66.168,65.016,65.539,4063502,4106271,0,start_xmit,4086298,17574.2,0.4,0.3,1.1,,0,1.1,False,[],pipeline-ingresso,"2282513 pacchetti mai arrivati al programma contro 0 elaborati e non usciti: satura l'ingresso del DUT (cpu gen 94.5%, cpu DUT 93.8%)",94.5,93.8,100.0,244.6,0,3823.4,854.3,4.476,0.036,0.158,3.497,586.5,0.785,1,0,template,3,saturazione,1,FORWARD
64,0,0.3,714785,2379954,2379954,,1,steady,,1791297460.51,0.49,0.0,0.0,3111722,3826507,12740772,714785,0,0,714785,2379954,2379954,2379954,3111722,0,0,81.32,0.0,1218.54,3111722,0,81.32,0.0,3,81.651,81.286,81.32,2370481,2412355,0,start_xmit,2387596,17928.9,0.8,0.3,1.8,,0,1.8,False,[],pipeline-ingresso,"3111722 pacchetti mai arrivati al programma contro 0 elaborati e non usciti: satura l'ingresso del DUT (cpu gen 95.3%, cpu DUT 94.5%)",95.3,94.5,100.0,420.2,0,6573.5,1467.8,4.479,0.046,0.176,3.497,861.3,0.614,1,0,modular,3,saturazione,1,FORWARD
64,0,0.3,5797068,19291977,19291977,,1,steady,,1791297470.28,0.73,0.0,0.0,91917,5888985,19597866,5797068,0,0,5796940,19291551,19291977,19291977,91917,0,128,1.561,0.002,9877.27,91917,128,1.563,0.002,3,1.563,1.137,1.453,18608352,19646905,0,start_xmit,19182269,430971.7,2.2,0.3,5.6,,0,5.6,False,[],pipeline-ingresso,"91917 pacchetti mai arrivati al programma contro 128 elaborati e non usciti: satura l'ingresso del DUT (cpu gen 93.8%, cpu DUT 73.2%)",93.8,73.2,75.9,39.3,0,384.3,160.0,2.403,0.011,0.112,3.087,0.1,0.415,1,0,rxonly,1,saturazione,2,FORWARD
64,0,0.3,4612507,15350620,15350620,,1,steady,,1791297471.59,0.71,0.0,0.0,6192,4618699,15371227,4612507,0,0,4611827,15348357,15350620,15350620,6192,0,680,0.134,0.015,7858.36,6192,680,0.149,0.015,3,0.149,0.036,0.055,15089330,15369272,0,start_xmit,15268986,127322.8,0.8,0.3,1.9,,0,1.9,False,[],pipeline-ingresso,"6192 pacchetti mai arrivati al programma contro 680 elaborati e non usciti: satura l'ingresso del DUT (cpu gen 93.8%, cpu DUT 93.0%)",93.8,93.0,100.0,65.1,0,606.0,226.4,2.675,0.009,0.096,3.466,221.0,1.813,1,0,baseline,1,saturazione,2,FORWARD
64,0,0.3,2512875,8365735,8365735,,1,steady,,1791297472.47,0.67,0.0,0.0,824304,3337179,11109966,2512875,0,0,2512965,8366034,8365735,8365735,824304,0,0,24.701,0.0,4283.41,824304,0,24.698,0.0,3,25.747,24.698,25.315,8353901,8664363,0,start_xmit,8461432,143578.9,1.7,0.3,3.7,,0,3.7,False,[],pipeline-ingresso,"824304 pacchetti mai arrivati al programma contro 0 elaborati e non usciti: satura l'ingresso del DUT (cpu gen 94.6%, cpu DUT 93.8%)",94.6,93.8,100.0,119.5,0,1217.6,417.4,2.916,0.016,0.102,3.497,377.0,1.102,1,0,p1_static,1,saturazione,2,FORWARD
64,0,0.3,2386600,7945502,7945502,,1,steady,,1791297474.2,0.55,0.0,0.0,1009390,3395990,11305977,2386600,0,0,2386639,7945632,7945502,7945502,1009390,0,0,29.723,0.0,4068.16,1009390,0,29.722,0.0,3,30.729,27.495,29.722,7665879,7960969,0,start_xmit,7857493,135636.4,1.7,0.3,3.8,,0,3.8,False,[],pipeline-ingresso,"1009390 pacchetti mai arrivati al programma contro 0 elaborati e non usciti: satura l'ingresso del DUT (cpu gen 95.3%, cpu DUT 94.5%)",95.3,94.5,100.0,125.9,0,1424.7,439.0,3.245,0.03,0.105,3.494,401.0,1.07,1,0,hardcoded,1,saturazione,2,FORWARD
64,0,0.3,1086590,3619136,3619136,,1,steady,,1791297475.5,0.35,0.0,0.0,2447590,3534180,11771394,1086590,0,0,1086599,3619166,3619136,3619136,2447590,0,0,69.255,0.0,1853.01,2447590,0,69.255,0.0,3,69.727,68.934,69.255,3570190,3789355,0,start_xmit,3659570,93924.5,2.6,0.3,6.1,,0,6.1,False,[],pipeline-ingresso,"2447590 pacchetti mai arrivati al programma contro 0 elaborati e non usciti: satura l'ingresso del DUT (cpu gen 93.8%, cpu DUT 93.8%)",93.8,93.8,100.0,276.3,0,4186.2,965.1,4.338,0.03,0.161,3.496,689.7,0.707,1,0,template,1,saturazione,2,FORWARD
64,0,0.3,711085,2367745,2367745,,1,steady,,1791297475.94,0.45,0.0,0.0,3278441,3989526,13284178,711085,0,0,711085,2367745,2367745,2367745,3278441,0,0,82.176,0.0,1212.29,3278441,0,82.176,0.0,3,82.176,81.328,82.053,2349747,2418268,0,start_xmit,2378586,29005.0,1.2,0.3,2.9,,0,2.9,False,[],pipeline-ingresso,"3278441 pacchetti mai arrivati al programma contro 0 elaborati e non usciti: satura l'ingresso del DUT (cpu gen 93.8%, cpu DUT 93.8%)",93.8,93.8,100.0,422.3,0,6572.0,1475.4,4.455,0.031,0.176,3.497,846.0,0.621,1,0,modular,1,saturazione,2,FORWARD
64,0,0.301,5783910,19247378,19247378,,1,steady,,1791297477.25,0.75,0.0,0.0,58657,5842567,19442574,5783910,0,0,5784272,19248583,19247378,19247378,58657,0,0,1.004,0.0,9855.27,58657,0,0.998,0.0,3,1.142,0.998,1.029,19239028,19952206,0,start_xmit,19479939,333966.0,1.7,0.301,3.7,,0,3.7,False,[],pipeline-ingresso,"58657 pacchetti mai arrivati al programma contro 0 elaborati e non usciti: satura l'ingresso del DUT (cpu gen 94.5%, cpu DUT 73.0%)",94.5,73.0,75.9,39.4,0,388.8,160.5,2.428,0.012,0.111,3.093,0.1,0.469,1,0,rxonly,2,saturazione,2,FORWARD
64,0,0.301,4593853,15287093,15287093,,1,steady,,1791297478.56,0.76,0.0,0.0,4480,4598333,15302001,4593853,0,0,4593571,15286154,15287093,15287093,4480,0,282,0.097,0.006,7826.51,4480,282,0.104,0.006,3,0.292,0.047,0.104,15285761,15294448,0,start_xmit,15288787,4005.7,0.0,0.3,0.1,,0,0.1,False,[],pipeline-ingresso,"4480 pacchetti mai arrivati al programma contro 282 elaborati e non usciti: satura l'ingresso del DUT (cpu gen 93.1%, cpu DUT 91.5%)",93.1,91.5,100.0,65.4,0,605.9,226.3,2.677,0.011,0.094,3.465,222.0,1.782,1,0,baseline,2,saturazione,2,FORWARD
64,0,0.3,2519968,8390535,8390535,,1,steady,,1791297480.73,0.5,0.0,0.0,935554,3455522,11505575,2519968,0,0,2519940,8390442,8390535,8390535,935554,0,28,27.074,0.001,4295.91,935554,28,27.075,0.001,3,27.075,26.325,26.799,8372921,8613978,0,start_xmit,8459113,109739.0,1.3,0.3,2.9,,0,2.9,False,[],pipeline-ingresso,"935554 pacchetti mai arrivati al programma contro 28 elaborati e non usciti: satura l'ingresso del DUT (cpu gen 94.5%, cpu DUT 93.8%)",94.5,93.8,100.0,119.2,0,1217.9,416.0,2.928,0.025,0.103,3.495,373.3,1.121,1,0,p1_static,2,saturazione,2,FORWARD
64,0,0.3,2348310,7818414,7818414,,1,steady,,1791297481.6,0.56,0.0,0.0,986303,3334613,11102191,2348310,0,0,2348384,7818660,7818414,7818414,986303,0,0,29.578,0.0,4003.15,986303,0,29.576,0.0,3,30.579,29.48,29.576,7735991,7935507,0,start_xmit,7830052,81849.5,1.0,0.3,2.6,,0,2.6,False,[],pipeline-ingresso,"986303 pacchetti mai arrivati al programma contro 0 elaborati e non usciti: satura l'ingresso del DUT (cpu gen 95.3%, cpu DUT 94.5%)",95.3,94.5,100.0,127.9,0,1424.6,446.7,3.188,0.029,0.106,3.496,411.3,1.051,1,0,hardcoded,2,saturazione,2,FORWARD
64,0,0.3,1119258,3727784,3727784,,1,steady,,1791297482.47,0.36,0.0,0.0,2518809,3638067,12116894,1119258,0,0,1119232,3727698,3727784,3727784,2518809,0,26,69.235,0.001,1908.58,2518809,26,69.236,0.002,3,69.248,68.185,69.236,3676181,3812288,0,start_xmit,3738722,56109.6,1.5,0.3,3.7,,0,3.7,False,[],pipeline-ingresso,"2518809 pacchetti mai arrivati al programma contro 26 elaborati e non usciti: satura l'ingresso del DUT (cpu gen 94.5%, cpu DUT 93.8%)",94.5,93.8,100.0,268.3,0,4187.3,937.0,4.47,0.038,0.159,3.497,687.6,0.739,1,0,template,2,saturazione,2,FORWARD
64,0,0.3,696959,2320881,2320881,,1,steady,,1791297484.61,0.45,0.0,0.0,3177078,3874037,12900587,696959,0,0,696960,2320884,2320881,2320881,3177078,0,0,82.009,0.0,1188.29,3177078,0,82.009,0.0,3,82.156,81.925,82.009,2310131,2390587,0,start_xmit,2340534,35664.0,1.5,0.3,3.5,,0,3.5,False,[],pipeline-ingresso,"3177078 pacchetti mai arrivati al programma contro 0 elaborati e non usciti: satura l'ingresso del DUT (cpu gen 95.3%, cpu DUT 95.3%)",95.3,95.3,100.0,430.9,0,6570.8,1505.1,4.366,0.037,0.176,3.497,869.7,0.61,1,0,modular,2,saturazione,2,FORWARD
64,0,0.3,5614422,18693068,18693068,,1,steady,,1791297485.93,0.51,0.0,0.0,86272,5700694,18980309,5614422,0,0,5614893,18694637,18693068,18693068,86272,0,0,1.513,0.0,9571.65,86272,0,1.505,0.0,3,1.505,1.147,1.346,16187456,19125150,0,start_xmit,18002414,1295348.3,7.2,0.3,18.1,,0,18.1,False,[],pipeline-ingresso,"86272 pacchetti mai arrivati al programma contro 0 elaborati e non usciti: satura l'ingresso del DUT (cpu gen 93.1%, cpu DUT 66.9%)",93.1,66.9,75.0,40.1,0,388.6,162.0,2.388,0.013,0.114,3.032,0.1,0.432,1,0,rxonly,3,saturazione,2,FORWARD
64,0,0.3,4600828,15320134,15320134,,1,steady,,1791297486.37,0.51,0.0,0.0,16798,4617626,15376069,4600828,0,0,4600333,15318486,15320134,15320134,16798,0,495,0.364,0.011,7843.06,16798,495,0.374,0.011,3,0.42,0.314,0.374,15168703,15519891,0,start_xmit,15335693,143887.3,0.9,0.3,2.3,,0,2.3,False,[],pipeline-ingresso,"16798 pacchetti mai arrivati al programma contro 495 elaborati e non usciti: satura l'ingresso del DUT (cpu gen 94.5%, cpu DUT 93.0%)",94.5,93.0,100.0,65.3,0,605.9,227.2,2.666,0.01,0.096,3.487,222.3,1.81,1,0,baseline,3,saturazione,2,FORWARD
64,0,0.3,2546562,8477085,8477085,,1,steady,,1791297487.67,0.6,0.0,0.0,997840,3544402,11798730,2546562,0,0,2546641,8477348,8477085,8477085,997840,0,0,28.153,0.0,4340.4,997840,0,28.15,0.0,3,28.15,27.21,27.249,8434681,8596329,0,start_xmit,8502786,68400.0,0.8,0.3,1.9,,0,1.9,False,[],pipeline-ingresso,"997840 pacchetti mai arrivati al programma contro 0 elaborati e non usciti: satura l'ingresso del DUT (cpu gen 94.5%, cpu DUT 93.8%)",94.5,93.8,100.0,118.0,0,1218.2,411.4,2.961,0.016,0.103,3.492,369.7,1.137,1,0,p1_static,3,saturazione,2,FORWARD
64,0,0.3,2371860,7893449,7893449,,1,steady,,1791297488.99,0.76,0.0,0.0,982833,3354693,11164275,2371860,0,0,2371743,7893059,7893449,7893449,982833,0,117,29.297,0.003,4041.25,982833,117,29.301,0.005,3,30.151,29.301,29.698,7759873,7947430,0,start_xmit,7866787,78791.1,1.0,0.3,2.4,,0,2.4,False,[],pipeline-ingresso,"982833 pacchetti mai arrivati al programma contro 117 elaborati e non usciti: satura l'ingresso del DUT (cpu gen 94.5%, cpu DUT 93.8%)",94.5,93.8,100.0,126.7,0,1425.1,442.5,3.22,0.027,0.106,3.497,405.0,1.061,1,0,hardcoded,3,saturazione,2,FORWARD
64,0,0.3,1133857,3775463,3775463,,1,steady,,1791297491.14,0.48,0.0,0.0,2578994,3712851,12362877,1133857,0,0,1133930,3775706,3775463,3775463,2578994,0,0,69.461,0.0,1933.16,2578994,0,69.459,0.0,3,69.459,68.644,68.872,3728789,3781224,0,start_xmit,3761906,23525.6,0.6,0.3,1.4,,0,1.4,False,[],pipeline-ingresso,"2578994 pacchetti mai arrivati al programma contro 0 elaborati e non usciti: satura l'ingresso del DUT (cpu gen 94.5%, cpu DUT 94.5%)",94.5,94.5,100.0,264.9,0,4186.0,925.3,4.526,0.028,0.16,3.496,667.0,0.741,1,0,template,3,saturazione,2,FORWARD
64,0,0.3,705087,2347653,2347653,,1,steady,,1791297491.58,0.4,0.0,0.0,3239697,3944784,13134529,705087,0,0,705141,2347833,2347653,2347653,3239697,0,0,82.126,0.0,1202.09,3239697,0,82.125,0.0,3,82.24,81.785,82.125,2327961,2360308,0,start_xmit,2345367,13320.2,0.6,0.3,1.4,,0,1.4,False,[],pipeline-ingresso,"3239697 pacchetti mai arrivati al programma contro 0 elaborati e non usciti: satura l'ingresso del DUT (cpu gen 93.8%, cpu DUT 94.5%)",93.8,94.5,100.0,426.0,0,6573.0,1487.9,4.417,0.028,0.176,3.498,866.2,0.613,1,0,modular,3,saturazione,2,FORWARD
64,0,0.3,5691172,18939568,18939568,,1,steady,,1791297501.39,0.73,0.0,0.0,109277,5800449,19303229,5691172,0,0,5690818,18938390,18939568,18939568,109277,0,354,1.884,0.006,9696.46,109277,354,1.89,0.006,3,1.89,1.079,1.151,18750566,19992213,0,start_xmit,19227056,546454.0,2.8,0.3,6.6,,0,6.6,False,[],pipeline-ingresso,"109277 pacchetti mai arrivati al programma contro 354 elaborati e non usciti: satura l'ingresso del DUT (cpu gen 95.3%, cpu DUT 73.4%)",95.3,73.4,78.6,41.5,0,385.5,161.0,2.387,0.013,0.113,3.094,0.1,0.434,1,0,rxonly,1,saturazione,3,FORWARD
64,0,0.3,4546447,15135053,15135053,,1,steady,,1791297502.69,0.58,0.0,0.0,5809,4552256,15154391,4546447,0,0,4545911,15133268,15135053,15135053,5809,0,536,0.128,0.012,7748.23,5809,536,0.139,0.012,3,0.242,0.139,0.233,15000762,15146942,0,start_xmit,15093657,65923.7,0.4,0.3,1.0,,0,1.0,False,[],pipeline-ingresso,"5809 pacchetti mai arrivati al programma contro 536 elaborati e non usciti: satura l'ingresso del DUT (cpu gen 93.8%, cpu DUT 92.2%)",93.8,92.2,96.8,64.0,0,606.5,228.1,2.659,0.012,0.097,3.456,222.7,1.818,1,0,baseline,1,saturazione,3,FORWARD
64,0,0.3,2500518,8324875,8324875,,1,steady,,1791297503.57,0.72,0.0,0.0,844378,3344896,11136029,2500518,0,0,2500464,8324695,8324875,8324875,844378,0,54,25.244,0.002,4262.24,844378,54,25.245,0.002,3,25.8,24.289,25.245,8309483,8352618,0,start_xmit,8328932,17862.8,0.2,0.3,0.5,,0,0.5,False,[],pipeline-ingresso,"844378 pacchetti mai arrivati al programma contro 54 elaborati e non usciti: satura l'ingresso del DUT (cpu gen 94.5%, cpu DUT 93.1%)",94.5,93.1,100.0,120.1,0,1216.4,419.4,2.9,0.018,0.103,3.495,375.9,1.115,1,0,p1_static,1,saturazione,3,FORWARD
64,0,0.3,2350774,7827037,7827037,,1,steady,,1791297505.71,0.49,0.0,0.0,886618,3237392,10779083,2350774,0,0,2350798,7827117,7827037,7827037,886618,0,0,27.387,0.0,4007.48,886618,0,27.386,0.0,3,29.179,27.386,28.445,7799755,7895534,0,start_xmit,7840802,40281.2,0.5,0.3,1.2,,0,1.2,False,[],pipeline-ingresso,"886618 pacchetti mai arrivati al programma contro 0 elaborati e non usciti: satura l'ingresso del DUT (cpu gen 96.0%, cpu DUT 95.2%)",96.0,95.2,100.0,127.8,0,1422.9,446.3,3.188,0.028,0.105,3.497,402.5,1.057,1,0,hardcoded,1,saturazione,3,FORWARD
64,0,0.3,1147982,3822670,3822670,,1,steady,,1791297506.57,0.42,0.0,0.0,2368038,3516020,11708011,1147982,0,0,1148026,3822817,3822670,3822670,2368038,0,0,67.35,0.0,1957.28,2368038,0,67.349,0.0,3,68.517,67.349,68.147,3770241,3836216,0,start_xmit,3809758,28473.1,0.7,0.3,1.7,,0,1.7,False,[],pipeline-ingresso,"2368038 pacchetti mai arrivati al programma contro 0 elaborati e non usciti: satura l'ingresso del DUT (cpu gen 94.5%, cpu DUT 95.3%)",94.5,95.3,100.0,261.6,0,4064.6,913.8,4.448,0.024,0.156,3.497,637.5,0.75,1,0,template,1,saturazione,3,FORWARD
64,0,0.3,724080,2410902,2410902,,1,steady,,1791297507.44,0.43,0.0,0.0,3128584,3852664,12827861,724080,0,0,724096,2410955,2410902,2410902,3128584,0,0,81.206,0.0,1234.41,3128584,0,81.205,0.0,3,82.095,81.205,81.346,2359782,2421145,0,start_xmit,2397294,26849.2,1.1,0.3,2.6,,0,2.6,False,[],pipeline-ingresso,"3128584 pacchetti mai arrivati al programma contro 0 elaborati e non usciti: satura l'ingresso del DUT (cpu gen 95.3%, cpu DUT 95.2%)",95.3,95.2,100.0,414.8,0,6571.2,1449.0,4.536,0.036,0.176,3.496,851.9,0.62,1,0,modular,1,saturazione,3,FORWARD
64,0,0.3,5834756,19422287,19422287,,1,steady,,1791297509.59,0.58,0.0,0.0,51757,5886513,19594572,5834756,0,0,5836325,19427510,19422287,19422287,51757,0,0,0.879,0.0,9946.89,51757,0,0.853,0.0,3,1.427,0.821,0.853,19285644,19806086,0,start_xmit,19506413,219672.9,1.1,0.3,2.7,,0,2.7,False,[],pipeline-ingresso,"51757 pacchetti mai arrivati al programma contro 0 elaborati e non usciti: satura l'ingresso del DUT (cpu gen 93.1%, cpu DUT 74.2%)",93.1,74.2,79.3,40.8,0,386.5,160.0,2.417,0.011,0.111,3.128,0.1,0.437,1,0,rxonly,2,saturazione,3,FORWARD
64,0,0.301,4536295,15089649,15089649,,1,steady,,1791297510.46,0.94,0.0,0.0,13299,4549594,15133887,4536295,0,0,4535108,15085701,15089649,15089649,13299,0,1187,0.292,0.026,7723.88,13299,1187,0.318,0.026,3,0.542,0.216,0.318,14943070,15135242,0,start_xmit,15054671,81464.4,0.5,0.301,1.3,,0,1.3,False,[],pipeline-ingresso,"13299 pacchetti mai arrivati al programma contro 1187 elaborati e non usciti: satura l'ingresso del DUT (cpu gen 93.8%, cpu DUT 90.7%)",93.8,90.7,96.8,64.1,0,606.4,228.6,2.653,0.012,0.096,3.445,216.8,1.863,1,0,baseline,2,saturazione,3,FORWARD
64,0,0.3,2537758,8451606,8451606,,1,steady,,1791297511.77,0.7,0.0,0.0,851068,3388826,11285954,2537758,0,0,2536304,8446763,8451606,8451606,851068,0,1454,25.114,0.043,4324.74,851068,1454,25.157,0.057,3,25.878,25.157,25.172,8303835,8620541,0,start_xmit,8457046,129499.0,1.5,0.3,3.8,,0,3.8,False,[],pipeline-ingresso,"851068 pacchetti mai arrivati al programma contro 1454 elaborati e non usciti: satura l'ingresso del DUT (cpu gen 93.8%, cpu DUT 93.8%)",93.8,93.8,100.0,118.3,0,1216.3,413.1,2.942,0.014,0.102,3.494,362.3,1.149,1,0,p1_static,2,saturazione,3,FORWARD
64,0,0.3,2408212,8017269,8017269,,1,steady,,1791297513.5,0.54,0.0,0.0,913707,3321919,11059125,2408212,0,0,2408364,8017775,8017269,8017269,913707,0,0,27.505,0.0,4105.1,913707,0,27.501,0.0,3,28.332,27.501,28.205,7972236,8028201,0,start_xmit,8006070,24300.4,0.3,0.3,0.7,,0,0.7,False,[],pipeline-ingresso,"913707 pacchetti mai arrivati al programma contro 0 elaborati e non usciti: satura l'ingresso del DUT (cpu gen 94.5%, cpu DUT 93.8%)",94.5,93.8,100.0,124.7,0,1423.2,435.8,3.266,0.032,0.104,3.496,382.5,1.108,1,0,hardcoded,2,saturazione,3,FORWARD
64,0,0.3,1135243,3779572,3779572,,1,steady,,1791297513.94,0.48,0.0,0.0,2511876,3647119,12142377,1135243,0,0,1135264,3779642,3779572,3779572,2511876,0,0,68.873,0.0,1935.18,2511876,0,68.872,0.0,3,68.872,67.341,67.724,3751525,3871180,0,start_xmit,3800782,51085.0,1.3,0.3,3.2,,0,3.2,False,[],pipeline-ingresso,"2511876 pacchetti mai arrivati al programma contro 0 elaborati e non usciti: satura l'ingresso del DUT (cpu gen 96.0%, cpu DUT 96.0%)",96.0,96.0,100.0,264.6,0,4064.6,924.3,4.399,0.018,0.16,3.497,622.9,0.765,1,0,template,2,saturazione,3,FORWARD
64,0,0.3,713508,2375741,2375741,,1,steady,,1791297515.64,0.46,0.0,0.0,3181307,3894815,12968421,713508,0,0,713540,2375847,2375741,2375741,3181307,0,0,81.681,0.0,1216.43,3181307,0,81.68,0.0,3,82.051,81.291,81.68,2370649,2389558,0,start_xmit,2378684,7976.1,0.3,0.3,0.8,,0,0.8,False,[],pipeline-ingresso,"3181307 pacchetti mai arrivati al programma contro 0 elaborati e non usciti: satura l'ingresso del DUT (cpu gen 95.3%, cpu DUT 94.5%)",95.3,94.5,100.0,420.9,0,6573.4,1470.6,4.469,0.039,0.176,3.498,847.3,0.626,1,0,modular,2,saturazione,3,FORWARD
64,0,0.3,5899751,19637252,19637252,,1,steady,,1791297517.36,0.67,0.0,0.0,55074,5954825,19820565,5899751,0,0,5899903,19637758,19637252,19637252,55074,0,0,0.925,0.0,10054.53,55074,0,0.922,0.0,3,0.937,0.841,0.922,19134889,20174179,0,start_xmit,19648942,424362.1,2.2,0.3,5.4,,0,5.4,False,[],pipeline-ingresso,"55074 pacchetti mai arrivati al programma contro 0 elaborati e non usciti: satura l'ingresso del DUT (cpu gen 94.5%, cpu DUT 74.6%)",94.5,74.6,79.3,40.4,0,388.0,159.2,2.437,0.012,0.111,3.131,0.1,0.377,1,0,rxonly,3,saturazione,3,FORWARD
64,0,0.3,4551063,15148269,15148269,,1,steady,,1791297518.65,0.64,0.0,0.0,15733,4566796,15200636,4551063,0,0,4550619,15146791,15148269,15148269,15733,0,444,0.345,0.01,7755.16,15733,444,0.354,0.01,3,0.354,0.251,0.264,15126909,15198977,0,start_xmit,15157559,30390.9,0.2,0.3,0.5,,0,0.5,False,[],pipeline-ingresso,"15733 pacchetti mai arrivati al programma contro 444 elaborati e non usciti: satura l'ingresso del DUT (cpu gen 94.5%, cpu DUT 93.7%)",94.5,93.7,100.0,66.0,0,605.9,229.4,2.641,0.013,0.097,3.481,218.1,1.845,1,0,baseline,3,saturazione,3,FORWARD
64,0,0.3,2508027,8347437,8347437,,1,steady,,1791297519.1,0.67,0.0,0.0,867069,3375096,11233292,2508027,0,0,2508169,8347909,8347437,8347437,867069,0,0,25.69,0.0,4274.13,867069,0,25.686,0.0,3,25.935,25.65,25.686,8314318,8354574,0,start_xmit,8338933,17617.3,0.2,0.3,0.5,,0,0.5,False,[],pipeline-ingresso,"867069 pacchetti mai arrivati al programma contro 0 elaborati e non usciti: satura l'ingresso del DUT (cpu gen 94.5%, cpu DUT 93.8%)",94.5,93.8,100.0,119.8,0,1216.8,418.6,2.908,0.018,0.1,3.496,368.0,1.141,1,0,p1_static,3,saturazione,3,FORWARD
64,0,0.301,2386030,7939289,7939289,,1,steady,,1791297520.83,0.7,0.0,0.0,1029438,3415468,11364646,2386030,0,0,2386038,7939315,7939289,7939289,1029438,0,0,30.14,0.0,4064.93,1029438,0,30.14,0.0,3,30.14,29.118,30.002,7761706,7958482,0,start_xmit,7886501,88589.6,1.1,0.3,2.5,,0,2.5,False,[],pipeline-ingresso,"1029438 pacchetti mai arrivati al programma contro 0 elaborati e non usciti: satura l'ingresso del DUT (cpu gen 94.5%, cpu DUT 94.5%)",94.5,94.5,100.0,126.0,0,1423.8,439.6,3.239,0.039,0.107,3.494,393.6,1.096,1,0,hardcoded,3,saturazione,3,FORWARD
64,0,0.3,1146155,3816919,3816919,,1,steady,,1791297521.69,0.4,0.0,0.0,2415249,3561404,11860168,1146155,0,0,1146160,3816935,3816919,3816919,2415249,0,0,67.817,0.0,1954.27,2415249,0,67.817,0.0,3,67.955,66.693,67.817,3811438,3854064,0,start_xmit,3827479,18931.9,0.5,0.3,1.1,,0,1.1,False,[],pipeline-ingresso,"2415249 pacchetti mai arrivati al programma contro 0 elaborati e non usciti: satura l'ingresso del DUT (cpu gen 95.3%, cpu DUT 94.5%)",95.3,94.5,100.0,262.0,0,4065.0,915.1,4.442,0.033,0.159,3.496,613.3,0.77,1,0,template,3,saturazione,3,FORWARD
64,0,0.3,713936,2376311,2376311,,1,steady,,1791297522.98,0.63,0.0,0.0,3084282,3798218,12642238,713936,0,0,713968,2376417,2376311,2376311,3084282,0,0,81.203,0.0,1216.73,3084282,0,81.203,0.0,3,81.912,81.203,81.84,2368125,2383381,0,start_xmit,2375974,6236.1,0.3,0.3,0.6,,0,0.6,False,[],pipeline-ingresso,"3084282 pacchetti mai arrivati al programma contro 0 elaborati e non usciti: satura l'ingresso del DUT (cpu gen 96.0%, cpu DUT 94.5%)",96.0,94.5,100.0,420.8,0,6572.5,1470.5,4.471,0.046,0.175,3.498,830.9,0.633,1,0,modular,3,saturazione,3,FORWARD
64,0,0.301,5827282,19390178,19390178,,1,steady,,1791297533.17,0.75,0.0,0.0,91726,5919008,19695395,5827282,0,0,5827178,19389832,19390178,19390178,91726,0,104,1.55,0.002,9927.59,91726,104,1.551,0.002,3,1.551,1.305,1.307,19304842,19762757,0,start_xmit,19485810,198880.9,1.0,0.3,2.4,,0,2.4,False,[],pipeline-ingresso,"91726 pacchetti mai arrivati al programma contro 104 elaborati e non usciti: satura l'ingresso del DUT (cpu gen 96.0%, cpu DUT 74.2%)",96.0,74.2,76.7,39.6,0,383.8,159.2,2.415,0.011,0.111,3.091,0.1,0.418,1,0,rxonly,1,saturazione,4,FORWARD
64,0,0.3,4628005,15404001,15404001,,1,steady,,1791297533.62,0.69,0.0,0.0,11455,4639460,15442128,4628005,0,0,4627990,15403951,15404001,15404001,11455,0,15,0.247,0.0,7886.82,11455,15,0.247,0.0,3,0.338,0.16,0.247,15157878,15481592,0,start_xmit,15347807,137989.9,0.9,0.3,2.1,,0,2.1,False,[],pipeline-ingresso,"11455 pacchetti mai arrivati al programma contro 15 elaborati e non usciti: satura l'ingresso del DUT (cpu gen 94.5%, cpu DUT 93.7%)",94.5,93.7,100.0,64.9,0,606.0,226.0,2.682,0.009,0.096,3.476,220.9,1.814,1,0,baseline,1,saturazione,4,FORWARD
64,0,0.3,2511129,8358661,8358661,,1,steady,,1791297535.35,0.65,0.0,0.0,859936,3371065,11221084,2511129,0,0,2511396,8359550,8358661,8358661,859936,0,0,25.509,0.0,4280.09,859936,0,25.501,0.0,3,25.501,24.829,25.115,8307616,8428593,0,start_xmit,8365253,49553.0,0.6,0.3,1.5,,0,1.5,False,[],pipeline-ingresso,"859936 pacchetti mai arrivati al programma contro 0 elaborati e non usciti: satura l'ingresso del DUT (cpu gen 95.3%, cpu DUT 94.5%)",95.3,94.5,100.0,119.6,0,1217.7,417.2,2.92,0.024,0.103,3.496,376.9,1.107,1,0,p1_static,1,saturazione,4,FORWARD
64,0,0.3,2389070,7951335,7951335,,1,steady,,1791297537.06,0.73,0.0,0.0,949490,3338560,11111441,2389070,0,0,2389283,7952044,7951335,7951335,949490,0,0,28.44,0.0,4071.45,949490,0,28.434,0.0,3,29.564,28.22,28.434,7767207,7980794,0,start_xmit,7900015,94640.1,1.2,0.3,2.7,,0,2.7,False,[],pipeline-ingresso,"949490 pacchetti mai arrivati al programma contro 0 elaborati e non usciti: satura l'ingresso del DUT (cpu gen 95.3%, cpu DUT 94.5%)",95.3,94.5,100.0,125.8,0,1425.0,439.5,3.243,0.025,0.105,3.498,402.1,1.072,1,0,hardcoded,1,saturazione,4,FORWARD
64,0,0.3,1130758,3765508,3765508,,1,steady,,1791297538.35,0.58,0.0,0.0,2494174,3624932,12071294,1130758,0,0,1130944,3766128,3765508,3765508,2494174,0,0,68.806,0.0,1928.26,2494174,0,68.801,0.0,3,69.504,68.61,68.801,3670599,3788134,0,start_xmit,3741620,51016.9,1.4,0.3,3.2,,0,3.2,False,[],pipeline-ingresso,"2494174 pacchetti mai arrivati al programma contro 0 elaborati e non usciti: satura l'ingresso del DUT (cpu gen 94.5%, cpu DUT 94.5%)",94.5,94.5,100.0,265.6,0,4190.3,927.4,4.514,0.03,0.158,3.497,636.3,0.749,1,0,template,1,saturazione,4,FORWARD
64,0,0.3,717560,2389672,2389672,,1,steady,,1791297539.22,0.4,0.0,0.0,3187280,3904840,13004191,717560,0,0,717568,2389698,2389672,2389672,3187280,0,0,81.624,0.0,1223.53,3187280,0,81.624,0.0,3,81.624,80.725,81.517,2386697,2414035,0,start_xmit,2396810,12241.4,0.5,0.3,1.1,,0,1.1,False,[],pipeline-ingresso,"3187280 pacchetti mai arrivati al programma contro 0 elaborati e non usciti: satura l'ingresso del DUT (cpu gen 94.5%, cpu DUT 93.8%)",94.5,93.8,100.0,418.5,0,6571.6,1461.7,4.496,0.047,0.177,3.497,844.4,0.623,1,0,modular,1,saturazione,4,FORWARD
64,0,0.3,5950366,19803088,19803088,,1,steady,,1791297540.1,0.72,0.0,0.0,61615,6011981,20008146,5950366,0,0,5950347,19803025,19803088,19803088,61615,0,19,1.025,0.0,10139.15,61615,19,1.025,0.0,3,1.188,1.025,1.178,18886711,20033248,0,start_xmit,19574328,495219.5,2.5,0.3,6.1,,0,6.1,False,[],pipeline-ingresso,"61615 pacchetti mai arrivati al programma contro 19 elaborati e non usciti: satura l'ingresso del DUT (cpu gen 94.5%, cpu DUT 72.8%)",94.5,72.8,78.6,39.7,0,386.9,156.9,2.463,0.012,0.111,3.113,0.1,0.426,1,0,rxonly,2,saturazione,4,FORWARD
64,0,0.3,4606315,15335110,15335110,,1,steady,,1791297541.39,0.59,0.0,0.0,11786,4618101,15374347,4606315,0,0,4606016,15334115,15335110,15335110,11786,0,299,0.255,0.006,7851.07,11786,299,0.262,0.006,3,0.424,0.114,0.262,15279782,15348084,0,start_xmit,15320660,29462.5,0.2,0.3,0.4,,0,0.4,False,[],pipeline-ingresso,"11786 pacchetti mai arrivati al programma contro 299 elaborati e non usciti: satura l'ingresso del DUT (cpu gen 93.8%, cpu DUT 93.0%)",93.8,93.0,100.0,65.2,0,605.8,227.2,2.666,0.01,0.095,3.486,222.3,1.81,1,0,baseline,2,saturazione,4,FORWARD
64,0,0.3,2554426,8503104,8503104,,1,steady,,1791297543.12,0.64,0.0,0.0,860066,3414492,11366069,2554426,0,0,2554216,8502405,8503104,8503104,860066,0,210,25.189,0.006,4353.23,860066,210,25.195,0.008,3,25.195,24.895,25.193,8457621,8666650,0,start_xmit,8542225,89861.1,1.1,0.3,2.5,,0,2.5,False,[],pipeline-ingresso,"860066 pacchetti mai arrivati al programma contro 210 elaborati e non usciti: satura l'ingresso del DUT (cpu gen 94.5%, cpu DUT 94.5%)",94.5,94.5,100.0,117.6,0,1217.7,410.3,2.968,0.029,0.102,3.496,369.0,1.133,1,0,p1_static,2,saturazione,4,FORWARD
64,0,0.3,2336016,7778376,7778376,,1,steady,,1791297544.4,0.48,0.0,0.0,917536,3253552,10833552,2336016,0,0,2336009,7778353,7778376,7778376,917536,0,7,28.201,0.0,3982.52,917536,7,28.201,0.0,3,28.201,27.206,27.844,7770333,8064909,0,start_xmit,7871198,137013.3,1.7,0.3,3.8,,0,3.8,False,[],pipeline-ingresso,"917536 pacchetti mai arrivati al programma contro 7 elaborati e non usciti: satura l'ingresso del DUT (cpu gen 96.0%, cpu DUT 95.2%)",96.0,95.2,100.0,128.6,0,1424.5,449.0,3.173,0.021,0.104,3.496,403.4,1.058,1,0,hardcoded,2,saturazione,4,FORWARD
64,0,0.3,1131299,3766445,3766445,,1,steady,,1791297545.27,0.52,0.0,0.0,2427086,3558385,11846968,1131299,0,0,1131327,3766538,3766445,3766445,2427086,0,0,68.208,0.0,1928.47,2427086,0,68.207,0.0,3,69.17,68.207,68.335,3765161,3779269,0,start_xmit,3770322,6350.9,0.2,0.3,0.4,,0,0.4,False,[],pipeline-ingresso,"2427086 pacchetti mai arrivati al programma contro 0 elaborati e non usciti: satura l'ingresso del DUT (cpu gen 94.5%, cpu DUT 93.8%)",94.5,93.8,100.0,265.5,0,4190.0,927.6,4.517,0.03,0.16,3.498,637.5,0.75,1,0,template,2,saturazione,4,FORWARD
64,0,0.3,721276,2401453,2401453,,1,steady,,1791297546.99,0.51,0.0,0.0,3032813,3754089,12499059,721276,0,0,721280,2401467,2401453,2401453,3032813,0,0,80.787,0.0,1229.55,3032813,0,80.787,0.0,3,81.657,80.787,81.511,2319793,2422042,0,start_xmit,2381100,44157.3,1.9,0.3,4.4,,0,4.4,False,[],pipeline-ingresso,"3032813 pacchetti mai arrivati al programma contro 0 elaborati e non usciti: satura l'ingresso del DUT (cpu gen 95.3%, cpu DUT 94.5%)",95.3,94.5,100.0,416.4,0,6572.3,1454.8,4.518,0.041,0.176,3.497,853.8,0.62,1,0,modular,2,saturazione,4,FORWARD
64,0,0.3,5803067,19314745,19314745,,1,steady,,1791297547.87,0.66,0.0,0.0,60598,5863665,19516437,5803067,0,0,5803174,19315101,19314745,19314745,60598,0,0,1.033,0.0,9889.33,60598,0,1.032,0.0,3,1.188,1.032,1.163,18817221,19717016,0,start_xmit,19283112,368035.5,1.9,0.3,4.8,,0,4.8,False,[],pipeline-ingresso,"60598 pacchetti mai arrivati al programma contro 0 elaborati e non usciti: satura l'ingresso del DUT (cpu gen 94.5%, cpu DUT 73.2%)",94.5,73.2,79.3,41.1,0,388.4,160.8,2.415,0.011,0.113,3.111,0.1,0.429,1,0,rxonly,3,saturazione,4,FORWARD
64,0,0.3,4595951,15302064,15302064,,1,steady,,1791297549.59,0.52,0.0,0.0,16049,4612000,15355499,4595951,0,0,4595864,15301774,15302064,15302064,16049,0,87,0.348,0.002,7834.51,16049,87,0.35,0.002,3,0.35,0.107,0.236,15247823,15345621,0,start_xmit,15298406,39996.8,0.3,0.3,0.6,,0,0.6,False,[],pipeline-ingresso,"16049 pacchetti mai arrivati al programma contro 87 elaborati e non usciti: satura l'ingresso del DUT (cpu gen 94.5%, cpu DUT 93.8%)",94.5,93.8,100.0,65.4,0,606.1,227.8,2.659,0.009,0.096,3.483,222.5,1.802,1,0,baseline,3,saturazione,4,FORWARD
64,0,0.3,2478971,8254466,8254466,,1,steady,,1791297551.33,0.49,0.0,0.0,898773,3377744,11247197,2478971,0,0,2478982,8254503,8254466,8254466,898773,0,0,26.609,0.0,4226.31,898773,0,26.608,0.0,3,27.059,26.608,26.742,8220441,8274897,0,start_xmit,8249947,22463.8,0.3,0.3,0.7,,0,0.7,False,[],pipeline-ingresso,"898773 pacchetti mai arrivati al programma contro 0 elaborati e non usciti: satura l'ingresso del DUT (cpu gen 93.1%, cpu DUT 93.0%)",93.1,93.0,100.0,121.1,0,1217.7,423.1,2.878,0.011,0.103,3.496,381.5,1.095,1,0,p1_static,3,saturazione,4,FORWARD
64,0,0.3,2375275,7905775,7905775,,1,steady,,1791297552.65,0.69,0.0,0.0,959195,3334470,11098324,2375275,0,0,2375458,7906384,7905775,7905775,959195,0,0,28.766,0.0,4048.07,959195,0,28.761,0.0,3,29.877,28.761,29.33,7720513,7954773,0,start_xmit,7860556,100977.0,1.3,0.3,3.0,,0,3.0,False,[],pipeline-ingresso,"959195 pacchetti mai arrivati al programma contro 0 elaborati e non usciti: satura l'ingresso del DUT (cpu gen 93.1%, cpu DUT 93.1%)",93.1,93.1,100.0,126.5,0,1425.1,442.0,3.225,0.021,0.104,3.497,403.1,1.066,1,0,hardcoded,3,saturazione,4,FORWARD
64,0,0.3,1129027,3759179,3759179,,1,steady,,1791297553.53,0.46,0.0,0.0,2519710,3648737,12148740,1129027,0,0,1129013,3759132,3759179,3759179,2519710,0,14,69.057,0.0,1924.68,2519710,14,69.057,0.001,3,69.057,68.806,68.866,3745592,3802596,0,start_xmit,3769106,24317.1,0.6,0.3,1.5,,0,1.5,False,[],pipeline-ingresso,"2519710 pacchetti mai arrivati al programma contro 14 elaborati e non usciti: satura l'ingresso del DUT (cpu gen 93.8%, cpu DUT 93.0%)",93.8,93.0,100.0,266.0,0,4189.2,929.3,4.508,0.022,0.159,3.497,629.6,0.75,1,0,template,3,saturazione,4,FORWARD
64,0,0.3,715910,2384097,2384097,,1,steady,,1791297554.41,0.39,0.0,0.0,3228153,3944063,13134374,715910,0,0,715904,2384077,2384097,2384097,3228153,0,6,81.848,0.0,1220.65,3228153,6,81.849,0.001,3,81.849,81.193,81.249,2360771,2424368,0,start_xmit,2389738,26270.2,1.1,0.3,2.7,,0,2.7,False,[],pipeline-ingresso,"3228153 pacchetti mai arrivati al programma contro 6 elaborati e non usciti: satura l'ingresso del DUT (cpu gen 94.5%, cpu DUT 94.5%)",94.5,94.5,100.0,419.4,0,6570.9,1465.1,4.485,0.037,0.176,3.497,851.6,0.621,1,0,modular,3,saturazione,4,FORWARD
64,0,0.3,5908713,19667237,19667237,,1,steady,,1791297564.68,0.67,0.0,0.0,71974,5980687,19906804,5908713,0,0,5908694,19667174,19667237,19667237,71974,0,19,1.203,0.0,10069.59,71974,19,1.204,0.0,3,1.599,0.972,1.204,19567290,19721475,0,start_xmit,19651979,63856.1,0.3,0.3,0.8,,0,0.8,False,[],pipeline-ingresso,"71974 pacchetti mai arrivati al programma contro 19 elaborati e non usciti: satura l'ingresso del DUT (cpu gen 93.8%, cpu DUT 72.6%)",93.8,72.6,77.4,39.4,0,387.1,158.5,2.444,0.009,0.116,3.121,0.1,0.413,1,0,rxonly,1,saturazione,5,DROP
64,0,0.3,4571834,15226373,15226373,,1,steady,,1791297565.12,0.49,0.0,0.0,33873,4605707,15339187,4571834,0,0,4571426,15225015,15226373,15226373,33873,0,408,0.735,0.009,7795.21,33873,408,0.744,0.009,3,0.766,0.531,0.744,15196678,15345271,0,start_xmit,15255654,64415.6,0.4,0.3,1.0,,0,1.0,False,[],pipeline-ingresso,"33873 pacchetti mai arrivati al programma contro 408 elaborati e non usciti: satura l'ingresso del DUT (cpu gen 95.3%, cpu DUT 93.7%)",95.3,93.7,100.0,65.7,0,605.7,227.9,2.66,0.01,0.096,3.485,222.6,1.803,1,0,baseline,1,saturazione,5,DROP
64,0,0.3,1736904,5782254,5782254,,1,steady,,1791297566.83,0.49,0.0,0.0,553656,2290560,7625407,0,0,1736904,0,0,0,5782254,553656,1736904,0,24.171,75.829,0.0,2290560,0,100.0,100.0,3,100.0,100.0,100.0,0,0,0,start_xmit,0,0.0,0.0,0.3,,,0,,False,[],pipeline-ingresso,"2290560 pacchetti mai arrivati al programma contro 0 elaborati e non usciti: satura l'ingresso del DUT (cpu gen 95.3%, cpu DUT 95.3%)",95.3,95.3,100.0,172.9,0,1040.0,604.2,1.721,0.008,0.285,3.498,0.3,0.394,1,0,p1_static,1,saturazione,5,DROP
64,0,0.3,1662893,5535098,5535098,,1,steady,,1791297568.12,0.62,0.0,0.0,557314,2220207,7390171,0,0,1662893,0,0,0,5535098,557314,1662893,0,25.102,74.898,0.0,2220207,0,100.0,100.0,3,100.0,100.0,100.0,0,0,0,start_xmit,0,0.0,0.0,0.3,,,0,,False,[],pipeline-ingresso,"2220207 pacchetti mai arrivati al programma contro 0 elaborati e non usciti: satura l'ingresso del DUT (cpu gen 94.5%, cpu DUT 95.2%)",94.5,95.2,100.0,180.7,0,1245.4,635.9,1.958,0.009,0.288,3.497,0.3,0.392,1,0,hardcoded,1,saturazione,5,DROP
64,0,0.3,976924,3253472,3253472,,1,steady,,1791297569.4,0.42,0.0,0.0,2475019,3451943,11496085,0,0,976924,0,0,0,3253472,2475019,976924,0,71.699,28.301,0.0,3451943,0,100.0,100.0,3,100.0,100.0,100.0,0,0,0,start_xmit,0,0.0,0.0,0.3,,,0,,False,[],pipeline-ingresso,"3451943 pacchetti mai arrivati al programma contro 0 elaborati e non usciti: satura l'ingresso del DUT (cpu gen 95.2%, cpu DUT 95.3%)",95.2,95.3,100.0,307.4,0,3750.6,1073.5,3.494,0.004,0.298,3.496,0.4,0.473,1,0,template,1,saturazione,5,DROP
64,0,0.3,663038,2207690,2207690,,1,steady,,1791297570.68,0.45,0.0,0.0,3545409,4208447,14012691,0,0,663038,0,0,0,2207690,3545409,663038,0,84.245,15.755,0.0,4208447,0,100.0,100.0,3,100.0,100.0,100.0,0,0,0,start_xmit,0,0.0,0.0,0.3,,,0,,False,[],pipeline-ingresso,"4208447 pacchetti mai arrivati al programma contro 0 elaborati e non usciti: satura l'ingresso del DUT (cpu gen 96.0%, cpu DUT 95.3%)",96.0,95.3,100.0,453.0,0,6370.3,1589.8,4.004,0.008,0.297,3.497,0.8,0.371,1,0,modular,1,saturazione,5,DROP
64,0,0.3,6098136,20304119,20304119,,1,steady,,1791297571.97,0.63,0.0,0.0,81314,6179450,20574859,6098136,0,0,6098640,20305797,20304119,20304119,81314,0,0,1.316,0.0,10396.57,81314,0,1.308,0.0,3,1.579,1.204,1.308,20076303,20473090,0,start_xmit,20285063,162649.7,0.8,0.3,2.0,,0,2.0,False,[],pipeline-ingresso,"81314 pacchetti mai arrivati al programma contro 0 elaborati e non usciti: satura l'ingresso del DUT (cpu gen 94.5%, cpu DUT 76.2%)",94.5,76.2,80.6,39.7,0,381.8,154.9,2.471,0.007,0.116,3.149,0.1,0.455,1,0,rxonly,2,saturazione,5,DROP
64,0,0.3,4601803,15315713,15315713,,1,steady,,1791297573.27,0.71,0.0,0.0,18016,4619819,15375674,4601803,0,0,4601518,15314765,15315713,15315713,18016,0,285,0.39,0.006,7841.16,18016,285,0.396,0.006,3,0.538,0.165,0.396,15160800,15324337,0,start_xmit,15266634,74937.9,0.5,0.3,1.1,,0,1.1,False,[],pipeline-ingresso,"18016 pacchetti mai arrivati al programma contro 285 elaborati e non usciti: satura l'ingresso del DUT (cpu gen 94.6%, cpu DUT 93.0%)",94.6,93.0,100.0,65.3,0,606.2,227.3,2.669,0.01,0.096,3.482,221.9,1.808,1,0,baseline,2,saturazione,5,DROP
64,0,0.3,1845704,6145083,6145083,,1,steady,,1791297574.56,0.53,0.0,0.0,555918,2401622,7995955,0,0,1845704,0,0,0,6145083,555918,1845704,0,23.148,76.852,0.0,2401622,0,100.0,100.0,3,100.0,100.0,100.0,0,0,0,start_xmit,0,0.0,0.0,0.3,,,0,,False,[],pipeline-ingresso,"2401622 pacchetti mai arrivati al programma contro 0 elaborati e non usciti: satura l'ingresso del DUT (cpu gen 95.3%, cpu DUT 95.3%)",95.3,95.3,100.0,162.7,0,1039.5,578.0,1.799,0.011,0.266,3.497,0.2,0.45,1,0,p1_static,2,saturazione,5,DROP
64,0,0.3,1702657,5668519,5668519,,1,steady,,1791297575.87,0.56,0.0,0.0,584559,2287216,7614645,0,0,1702657,0,0,0,5668519,584559,1702657,0,25.558,74.442,0.0,2287216,0,100.0,100.0,3,100.0,100.0,100.0,0,0,0,start_xmit,0,0.0,0.0,0.3,,,0,,False,[],pipeline-ingresso,"2287216 pacchetti mai arrivati al programma contro 0 elaborati e non usciti: satura l'ingresso del DUT (cpu gen 93.8%, cpu DUT 93.0%)",93.8,93.0,100.0,176.4,0,1245.0,613.8,2.028,0.013,0.281,3.497,0.2,0.435,1,0,hardcoded,2,saturazione,5,DROP
64,0,0.3,988507,3290874,3290874,,1,steady,,1791297577.17,0.54,0.0,0.0,2510804,3499311,11649682,0,0,988507,0,0,0,3290874,2510804,988507,0,71.751,28.249,0.0,3499311,0,100.0,100.0,3,100.0,100.0,100.0,0,0,0,start_xmit,0,0.0,0.0,0.3,,,0,,False,[],pipeline-ingresso,"3499311 pacchetti mai arrivati al programma contro 0 elaborati e non usciti: satura l'ingresso del DUT (cpu gen 93.8%, cpu DUT 93.8%)",93.8,93.8,100.0,303.9,0,3751.4,1061.5,3.534,0.007,0.3,3.498,0.4,0.421,1,0,template,2,saturazione,5,DROP
64,0,0.3,643647,2143217,2143217,,1,steady,,1791297578.47,0.46,0.0,0.0,3650505,4294152,14298678,0,0,643647,0,0,0,2143217,3650505,643647,0,85.011,14.989,0.0,4294152,0,100.0,100.0,3,100.0,100.0,100.0,0,0,0,start_xmit,0,0.0,0.0,0.3,,,0,,False,[],pipeline-ingresso,"4294152 pacchetti mai arrivati al programma contro 0 elaborati e non usciti: satura l'ingresso del DUT (cpu gen 94.5%, cpu DUT 94.5%)",94.5,94.5,100.0,466.6,0,6370.7,1616.6,3.941,0.007,0.293,3.498,0.6,0.458,1,0,modular,2,saturazione,5,DROP
64,0,0.3,6049039,20137986,20137986,,1,steady,,1791297579.76,0.58,0.0,0.0,60505,6109544,20339414,6049039,0,0,6048740,20136990,20137986,20137986,60505,0,299,0.99,0.005,10310.14,60505,299,0.995,0.005,3,1.129,0.897,0.995,19914475,20298522,0,start_xmit,20116662,157444.0,0.8,0.3,1.9,,0,1.9,False,[],pipeline-ingresso,"60505 pacchetti mai arrivati al programma contro 299 elaborati e non usciti: satura l'ingresso del DUT (cpu gen 95.2%, cpu DUT 75.6%)",95.2,75.6,80.6,40.0,0,387.3,155.9,2.482,0.009,0.114,3.144,0.1,0.45,1,0,rxonly,3,saturazione,5,DROP
64,0,0.3,4586423,15264758,15264758,,1,steady,,1791297580.63,0.7,0.0,0.0,16084,4602507,15318289,4586423,0,0,4585582,15261959,15264758,15264758,16084,0,841,0.349,0.018,7814.12,16084,841,0.368,0.018,3,0.529,0.284,0.368,15092890,15278360,0,start_xmit,15211069,83833.5,0.6,0.3,1.2,,0,1.2,False,[],pipeline-ingresso,"16084 pacchetti mai arrivati al programma contro 841 elaborati e non usciti: satura l'ingresso del DUT (cpu gen 94.6%, cpu DUT 93.0%)",94.6,93.0,100.0,65.5,0,606.1,226.8,2.673,0.011,0.096,3.467,221.5,1.811,1,0,baseline,3,saturazione,5,DROP
64,0,0.3,1813595,6038212,6038212,,1,steady,,1791297582.36,0.55,0.0,0.0,559892,2373487,7902325,0,0,1813595,0,0,0,6038212,559892,1813595,0,23.589,76.411,0.0,2373487,0,100.0,100.0,3,100.0,100.0,100.0,0,0,0,start_xmit,0,0.0,0.0,0.3,,,0,,False,[],pipeline-ingresso,"2373487 pacchetti mai arrivati al programma contro 0 elaborati e non usciti: satura l'ingresso del DUT (cpu gen 93.8%, cpu DUT 93.1%)",93.8,93.1,100.0,165.6,0,1039.7,580.3,1.792,0.014,0.274,3.497,0.2,0.459,1,0,p1_static,3,saturazione,5,DROP
64,0,0.3,1713959,5706755,5706755,,1,steady,,1791297583.68,0.52,0.0,0.0,574036,2287995,7618051,0,0,1713959,0,0,0,5706755,574036,1713959,0,25.089,74.911,0.0,2287995,0,100.0,100.0,3,100.0,100.0,100.0,0,0,0,start_xmit,0,0.0,0.0,0.3,,,0,,False,[],pipeline-ingresso,"2287995 pacchetti mai arrivati al programma contro 0 elaborati e non usciti: satura l'ingresso del DUT (cpu gen 94.5%, cpu DUT 93.8%)",94.5,93.8,100.0,175.2,0,1245.4,612.1,2.034,0.012,0.287,3.499,0.2,0.455,1,0,hardcoded,3,saturazione,5,DROP
64,0,0.3,993580,3308341,3308341,,1,steady,,1791297584.96,0.46,0.0,0.0,2499367,3492947,11630529,0,0,993580,0,0,0,3308341,2499367,993580,0,71.555,28.445,0.0,3492947,0,100.0,100.0,3,100.0,100.0,100.0,0,0,0,start_xmit,0,0.0,0.0,0.3,,,0,,False,[],pipeline-ingresso,"3492947 pacchetti mai arrivati al programma contro 0 elaborati e non usciti: satura l'ingresso del DUT (cpu gen 95.3%, cpu DUT 94.5%)",95.3,94.5,100.0,302.3,0,3750.8,1064.1,3.525,0.006,0.299,3.497,0.5,0.424,1,0,template,3,saturazione,5,DROP
64,0,0.3,641679,2136480,2136480,,1,steady,,1791297586.26,0.52,0.0,0.0,3636561,4278240,14244471,0,0,641679,0,0,0,2136480,3636561,641679,0,85.001,14.999,0.0,4278240,0,100.0,100.0,3,100.0,100.0,100.0,0,0,0,start_xmit,0,0.0,0.0,0.3,,,0,,False,[],pipeline-ingresso,"4278240 pacchetti mai arrivati al programma contro 0 elaborati e non usciti: satura l'ingresso del DUT (cpu gen 94.5%, cpu DUT 94.5%)",94.5,94.5,100.0,468.1,0,6370.2,1605.7,3.967,0.005,0.302,3.497,0.7,0.428,1,0,modular,3,saturazione,5,DROP
