method,frame,phase,rounds,offered_pps,offered_real_pps,rx_pps,rx_pps_mean,hit_pps,proc_pps,rx_pps_min,rx_pps_max,rx_pps_std,rx_pps_cv_pct,loss_pct,loss_worst,respinti_pct,loss_dut_pct,rx,tx,offered_tx,lost_before,lost_after,rx_mbps,secs,window_mode,pps_spread_pct,unreliable,threads,bottleneck
rxonly,64,saturazione,3,,5929893,4663910,4664969,4664026,4664026,4649862,4681136,12789.5,0.3,21.556,22.269,21.348,0.004,1400371,1400395,1780491,380085,28,2387.92,0.3,steady,0.7,False,3,pipeline-ingresso
rxonly,64,confronto,3,1203294,1203367,1203364,1203364,1203367,1203367,1203356,1203373,6.9,0.0,0.005,0.008,0.0,0.0,361236,361234,361234,0,0,616.12,0.3,steady,0.0,False,3,generatore
baseline,64,saturazione,3,,6451630,3310027,3298630,3309927,3309927,3264909,3320954,24258.0,0.7,49.168,49.19,48.908,0.0,993633,993590,1936707,943568,0,1694.73,0.3,steady,1.7,False,3,pipeline-ingresso
baseline,64,confronto,3,1203294,1203342,1203448,1203417,1203358,1203358,1203346,1203458,50.6,0.0,0.007,0.007,0.0,0.0,361284,361258,361258,0,0,616.17,0.3,steady,0.0,False,3,generatore
p1_static,64,saturazione,3,,6710695,2871300,2865348,2871513,2871513,2790228,2934518,59056.3,2.1,57.404,57.751,57.206,0.007,862080,862217,2014821,1148545,64,1470.11,0.3,steady,5.2,False,3,pipeline-ingresso
p1_static,64,confronto,3,1203294,1203376,1203363,1203366,1203363,1203363,1203337,1203400,25.8,0.0,0.01,0.027,0.0,0.002,361266,361325,361325,7,0,616.12,0.3,steady,0.0,False,3,generatore
hardcoded,64,saturazione,3,,6765025,2760558,2763202,2760847,2760847,2749307,2779741,12564.5,0.5,59.691,59.692,59.173,0.0,828736,828819,2030901,1202078,0,1413.41,0.3,steady,1.1,False,3,pipeline-ingresso
hardcoded,64,confronto,3,1203294,1203366,1203359,1203376,1203370,1203370,1203349,1203420,31.4,0.0,0.009,0.015,0.0,0.001,361329,361318,361318,1,1,616.12,0.3,steady,0.0,False,3,generatore
template,64,saturazione,3,,7447987,1775768,1783785,1775808,1775808,1774940,1800649,11929.0,0.7,76.257,76.27,76.057,0.001,533184,533191,2236298,1703102,12,909.19,0.3,steady,1.4,False,3,pipeline-ingresso
template,64,confronto,3,1203294,1203405,1203330,1203347,1203370,1203370,1203285,1203428,59.7,0.0,0.004,0.01,0.0,0.004,361224,361237,361237,1,4,616.11,0.3,steady,0.0,False,3,generatore
modular,64,saturazione,3,,7708366,1350307,1346587,1350284,1350284,1323994,1365461,17131.9,1.3,82.745,82.862,82.481,0.001,405376,405382,2313738,1903854,14,691.36,0.3,steady,3.1,False,3,pipeline-ingresso
modular,64,confronto,3,1203294,1203372,1203282,1203213,1203372,1203372,1203074,1203285,98.8,0.0,0.026,0.087,0.0,0.009,361269,361293,361293,0,34,616.08,0.3,steady,0.0,False,3,generatore
