tempo,t_s,temp_pacchetto_c,throttle_core,throttle_pacchetto,powerclamp,raffreddamento_cpu,alimentazione_rete,mhz_cpu1,mhz_cpu3,mhz_cpu6,mhz_cpu8,mhz_cpu10
21:44:07,0.0,51.0,19179,23201,0,0,1,3500,3500,3500,3500,3500
21:44:08,1.0,52.0,19179,23201,0,0,1,3500,3500,3500,3500,3500
21:44:09,2.0,51.0,19179,23201,0,0,1,3500,3500,3500,3500,3500
21:44:10,3.01,52.0,19179,23201,0,0,1,3500,3509,3500,3500,3500
21:44:11,4.01,53.0,19179,23201,0,0,1,3500,3500,3500,3500,3500
21:44:12,5.01,52.0,19179,23201,0,0,1,3500,3500,3500,3501,3500
21:44:13,6.01,54.0,19179,23201,0,0,1,3500,3500,3500,3500,3500
21:44:14,7.02,52.0,19179,23201,0,0,1,3500,3499,3500,3500,3500
21:44:15,8.02,64.0,19179,23201,0,0,1,3400,3500,3500,3499,3500
21:44:16,9.02,64.0,19179,23201,0,0,1,3500,3495,3500,3499,3399
21:44:17,10.02,64.0,19179,23201,0,0,1,3399,3500,3499,3500,3400
21:44:18,11.03,65.0,19179,23201,0,0,1,3500,3500,3500,3500,3400
21:44:19,12.03,65.0,19179,23201,0,0,1,3399,3499,3500,3500,3413
21:44:20,13.03,65.0,19179,23201,0,0,1,3499,3500,3500,3500,3400
21:44:21,14.03,67.0,19179,23201,0,0,1,3400,3500,3500,3500,3400
21:44:22,15.04,61.0,19179,23201,0,0,1,3482,3500,3500,3500,3400
21:44:23,16.04,72.0,19179,23201,0,0,1,3500,3500,3500,3499,3400
21:44:24,17.04,75.0,19179,23201,0,0,1,3499,3500,3499,3500,3400
21:44:25,18.04,70.0,19179,23201,0,0,1,3399,3497,3500,3500,3416
21:44:26,19.05,70.0,19179,23201,0,0,1,3467,3500,3500,3500,3399
21:44:27,20.05,69.0,19179,23201,0,0,1,3400,3500,3500,3500,3500
21:44:28,21.05,69.0,19179,23201,0,0,1,3399,3500,3500,3499,3500
21:44:29,22.05,70.0,19179,23201,0,0,1,3400,3500,3499,3499,3399
21:44:30,23.05,70.0,19179,23201,0,0,1,3399,3500,3500,3500,3400
21:44:31,24.06,63.0,19179,23201,0,0,1,3499,3499,3499,3500,3499
21:44:32,25.06,75.0,19179,23201,0,0,1,3400,3500,3500,3499,3400
21:44:33,26.06,76.0,19179,23201,0,0,1,3399,3500,3500,3500,3400
21:44:34,27.06,79.0,19179,23201,0,0,1,3399,3500,3500,3500,3400
21:44:35,28.06,75.0,19179,23201,0,0,1,3500,3500,3500,3500,3500
21:44:36,29.06,74.0,19179,23201,0,0,1,3499,3500,3500,3500,3500
21:44:37,30.07,72.0,19179,23201,0,0,1,3499,3499,3499,3499,3400
21:44:38,31.07,74.0,19179,23201,0,0,1,3419,3499,3500,3500,3435
21:44:39,32.07,60.0,19179,23201,0,0,1,3525,3500,3500,3500,3479
21:44:40,33.07,71.0,19179,23201,0,0,1,3399,3500,3500,3500,3400
21:44:41,34.07,73.0,19179,23201,0,0,1,3400,3500,3500,3500,3400
21:44:42,35.08,78.0,19179,23201,0,0,1,3399,3500,3499,3500,3400
21:44:43,36.08,78.0,19179,23201,0,0,1,3400,3400,3500,3499,3399
21:44:44,37.08,80.0,19179,23201,0,0,1,3399,3500,3499,3500,3400
21:44:45,38.08,79.0,19179,23201,0,0,1,3500,3499,3500,3499,3500
